,A,C,D,E,F,G,H,I,K,L,M,N,P,Q,R,S,T,V,W,Y
11020,0.08120715943943392,0.029739636259669095,0.05481131817739194,0.0513055639772837,0.03531571018982429,0.055474970038168175,0.029369794299856256,0.05324521180474453,0.06296051473142365,0.07853099667390408,0.023071218008458714,0.03906683003694091,0.06089278426084282,0.033021966893040655,0.050493016980365235,0.07015703464992742,0.0691147753318056,0.07643158551070772,0.011184589351778207,0.03460532338443309
11021,0.08681575531186587,0.02921817143843053,0.0542480475231904,0.049799518130402454,0.03628651022459668,0.053785729017497876,0.028140040841461263,0.05559017794656112,0.05891305894696541,0.07774953173637648,0.022142457685866618,0.041469724501282605,0.063948089933482,0.030083905400208156,0.05267816886881007,0.06049634358035135,0.07181279085503144,0.08105079681414172,0.009714402420703358,0.03605677882277456
11024,0.0876444666627113,0.02828954205694001,0.05655223364665576,0.04974397287191454,0.03313671047961908,0.05419650694548609,0.027956062716673346,0.06026853715186949,0.06033708017484444,0.08536251991149081,0.018123546528090964,0.03836792709501817,0.06156972495797708,0.029438467849015923,0.05233324680815756,0.0629397946211343,0.06947922757886965,0.07931630798079621,0.009754059722849966,0.03519006423988527
11029,0.09162018598087758,0.02973670710520859,0.05479867059565121,0.05886576050441474,0.03376512498229225,0.05211866901085618,0.026643120598974526,0.04323466341381079,0.06370169174702284,0.08060451553021038,0.02505038174052542,0.03416037589431443,0.0612265192319832,0.03440982133115145,0.055958140974052974,0.058042503902837585,0.07192049597187551,0.07911538955215847,0.009651872005721584,0.035375389926060326
11033,0.0911879773200838,0.03170030757937429,0.05096004882399888,0.04832318519469357,0.03181110706578995,0.05947174744414311,0.030515491737969556,0.04313202407188605,0.06195217861336823,0.07414865778322893,0.02207404819958221,0.03600720672689125,0.06348679253707187,0.03374476328797722,0.05218179782754216,0.062207099505817876,0.0740834912704778,0.08428114770540009,0.011514282628314835,0.037216644676388355
11034,0.0885514182306043,0.0269523713751388,0.05058442622412118,0.05843623737679241,0.03541451840811341,0.051873828622839645,0.025239476975350828,0.04886391765157517,0.06403075214046983,0.08073376472014893,0.023807303639454085,0.0362427824827534,0.0631440943671492,0.03583584467096084,0.053356713790229195,0.06431636170925618,0.07438383572599681,0.07466015761901407,0.008853856499251108,0.034718337770780566
11036,0.08787101225836595,0.028877296180371003,0.04812491291724003,0.06289623804871489,0.033420771426038075,0.05489889640425646,0.02695863605357135,0.04983408362274221,0.06637067158362107,0.08339064848779405,0.02306202454660003,0.03942363405560331,0.060879163860976686,0.028912091757031813,0.05391209105452027,0.06389015761872406,0.06851731147560114,0.07476496611230722,0.009057937845557936,0.03493745469036245
11039,0.0829254401957051,0.030053446244959633,0.05621350807259353,0.0517529835659933,0.03411856597334779,0.05612378012328553,0.02908917351672145,0.06023713104764608,0.05565063565889905,0.08308264461927585,0.019509747747501725,0.03994229675567312,0.05769844284065253,0.028236857736599064,0.05363058382082888,0.06575718538619767,0.07281689289280584,0.07915526489285324,0.009704137982071042,0.034301280926389593
11041,0.13253807674072202,0.03502012922827574,0.04770280236151131,0.047467950318298535,0.021857810012429705,0.08602544178917047,0.03690027117346928,0.021382140728293197,0.013630034903034608,0.08131315653076474,0.014335253832418595,0.01856855580795952,0.09871540571960831,0.03173220062329688,0.08882974751306488,0.04254069700904987,0.0646373358631663,0.06580231688279094,0.025854271545520863,0.02514640141715423
11072,0.08372183372183373,0.02655400155400155,0.04695027195027195,0.06050893550893551,0.04088966588966589,0.10600233100233102,0.02810800310800311,0.02641802641802642,0.03976301476301477,0.10114607614607614,0.02198912198912199,0.022047397047397044,0.03601398601398601,0.028943278943278944,0.07191142191142191,0.03986013986013986,0.045104895104895106,0.11305361305361306,0.020143745143745142,0.040870240870240875
11079,0.08415841584158416,0.016598718695398952,0.04688410017472335,0.060570762958648806,0.032615026208503206,0.08532323820617356,0.019510774606872453,0.054455445544554455,0.05736750145602795,0.0896913220733838,0.029994175888177054,0.0361094933022714,0.041933605125218404,0.025043680838672103,0.05998835177635411,0.057076295864880604,0.0716365754222481,0.07833430401863715,0.026790914385556204,0.025917297612114153
11080,0.07961504811898512,0.019539224263633713,0.04491105278506853,0.06065908428113152,0.031496062992125984,0.08953047535724701,0.019247594050743656,0.0542432195975503,0.05890930300379119,0.09069699620880724,0.0347039953339166,0.039953339165937594,0.04374453193350831,0.026246719160104987,0.058034412365121024,0.04957713619130942,0.07319918343540391,0.07378244386118402,0.026246719160104987,0.025663458734324875
11082,0.08119522044884314,0.01810760174160109,0.044976178585335085,0.062355554285572934,0.030666867399740443,0.08528096304108901,0.019130956579815492,0.05140299197479976,0.05563898583168532,0.09009723470288164,0.03358668064974396,0.03694573255274894,0.04088736528884451,0.025552396236851946,0.06074347720577855,0.05753467656741326,0.07272169738294965,0.08045931764686816,0.027307815496735457,0.025408286380701646
11083,0.0753847802021212,0.02127272077991644,0.0488411955861872,0.0314787701317716,0.03800664214548441,0.08460879191515194,0.036396100417812376,0.031668035567617756,0.03620683498196622,0.12221904795914723,0.017276720351390922,0.025079455772595793,0.020497803806734993,0.025079455772595793,0.1088954754847695,0.07777023890297469,0.04279541477698818,0.11841231296646787,0.01478770131771596,0.02332250116058994
11084,0.06879140191969718,0.024528234897303436,0.03830729902786142,0.05361325844629886,0.05127344828575057,0.08526538878032726,0.035317826091112565,0.03691019973972522,0.027897536948503554,0.11349659908535127,0.021134011467930622,0.02135584587254183,0.06399482181555995,0.033924345523642534,0.08687708503174234,0.08508431619152183,0.048287730625164726,0.06832267517680524,0.022429854855162412,0.013188120217997194
11085,0.08172231985940245,0.019332161687170474,0.04540128881077914,0.06473345049794962,0.028119507908611598,0.09519625073227886,0.023432923257176334,0.03632103104862332,0.040421792618629174,0.09812536613942589,0.03427065026362039,0.026654950205038077,0.03866432337434095,0.025483304042179262,0.0773286467486819,0.05506736965436438,0.06736965436438196,0.09285295840656121,0.02899824253075571,0.020503807850029292
11086,0.08440773921506058,0.028801777472959266,0.050651073294564225,0.05574606712675211,0.08341668214573182,0.09477077488993989,0.024461685741637734,0.04975447821262044,0.045261580325235,0.07941395465507085,0.01296788451188554,0.010917503726882612,0.045408432994699016,0.008982620581917594,0.08735630267843393,0.09979075479096912,0.047683061774964564,0.06102363454800336,0.018186710865351185,0.01099728044732117
11089,0.07153327469950162,0.018762826150688947,0.04632072705951334,0.06156552330694811,0.034007622398123716,0.08824391673995896,0.024039871005570215,0.0515977719143946,0.05658164761067136,0.09146877748460862,0.03781882145998241,0.03635297566695984,0.039871005570214016,0.027264731750219876,0.06156552330694811,0.06303136909997069,0.05804749340369393,0.08384637936089123,0.024919378481383758,0.02316036352975667
11103,0.08801874163319946,0.028781793842034806,0.045180722891566265,0.03781793842034806,0.03145917001338688,0.08165997322623829,0.024765729585006693,0.04484605087014726,0.03313253012048193,0.09939759036144578,0.018072289156626505,0.029116465863453816,0.06726907630522089,0.02643908969210174,0.055220883534136546,0.07195448460508702,0.07663989290495314,0.08400267737617136,0.022757697456492636,0.03346720214190094
11137,0.05880239920330613,0.029508912439776245,0.04779281274109941,0.032420536493360325,0.06302783056630337,0.053605377902932884,0.024751209528234463,0.06029156969426002,0.0545470985636239,0.10034552874058801,0.02138034642013621,0.05219036486678796,0.03485631671293056,0.031604143888722,0.04068115094345434,0.06549249834954979,0.058588107760572446,0.10274951960108798,0.01905970865949507,0.04830456692377889
11216,0.040462243576697025,0.01240343167953777,0.057013128101395104,0.05082721810160811,0.02585664505039867,0.04763598656335345,0.02126215045826824,0.08993756142586876,0.07634744095301067,0.07929082984156247,0.030533044511924488,0.06888679076861048,0.03563534206210197,0.04903078570452315,0.05615844337010762,0.09059040179280961,0.08337037267276268,0.048323284930485856,0.00822839390222454,0.028206504532749328
11232,0.06716079181779387,0.02084309759221215,0.046617624804955474,0.03883693658257978,0.043384313096739756,0.10500558328989311,0.01812635679682261,0.06641904328779111,0.04275444199515457,0.10026371731063499,0.0253833577810171,0.04487769415550038,0.044251154063013734,0.03741518164370852,0.04690039344335796,0.09038342386376368,0.05198569138957983,0.07451193217642729,0.013886555454688995,0.020992709454365023
11234,0.07105544649870182,0.02425513850202719,0.04808781262740491,0.047469000645881075,0.03541603315866391,0.11434813617375959,0.014852625851390475,0.055608511582969915,0.03751592878154551,0.11054963212672421,0.021528935492929016,0.03120339826492949,0.052218766871038776,0.028896455066575195,0.06219942908640676,0.08566533239307611,0.04440276431267536,0.07334050075524448,0.018677184410085156,0.022708967397971017
11250,0.03842104576354193,0.018819518432891792,0.04836509905813569,0.051764776622786154,0.03064698159964087,0.03357322656288509,0.025944911734392537,0.09714019228855632,0.07805371172197585,0.10586660060084507,0.030739953904015495,0.08310718094558477,0.037451406102937325,0.03382329505113158,0.03104817724238986,0.08286658200248091,0.08520577428689778,0.04885387304455301,0.00693433278641788,0.03137336024794006
11269,0.05727013116192193,0.013041626210017069,0.045983756006506574,0.052063383750567294,0.03758463255076607,0.05313131242496367,0.03060348029647037,0.06083467150985698,0.055225693464202516,0.10714905883464151,0.022842084968134176,0.061342414574171944,0.06299836071063267,0.05256074784079009,0.04487658439864229,0.08173217540858714,0.06980384150616216,0.05443529045570417,0.011111419741310276,0.025409334185951083
11292,0.04976411522847012,0.018991837872567207,0.0559488396011449,0.06743771021612986,0.040281233515766256,0.0650065027694247,0.02152046198330324,0.05566894891998542,0.06136030036327363,0.09644181041924363,0.026457955943181573,0.04680242730319554,0.05003802677627818,0.03260211278895455,0.05812032504531554,0.08781848585996442,0.05432125803170166,0.06368340543528636,0.01621463634159632,0.03151960558521687
11318,0.05651652618013558,0.0196804959666164,0.04409184310790398,0.07825701899638855,0.032420167231193196,0.05640550299565835,0.02268666188877955,0.05410004732228286,0.07534173367763654,0.09862863794760711,0.02620446525096093,0.038976693059565824,0.04544710428905477,0.0403068658689304,0.05375215211590409,0.06984703278065463,0.0660895998178979,0.06600517392869971,0.01624713559381416,0.03899514198031545
11320,0.05867677676281031,0.01632873063334946,0.04086476248090071,0.07887543928405066,0.041128239187721474,0.06520208784962049,0.017795426683453915,0.06592507097124299,0.055508944960432655,0.08721476514515038,0.038886024665453794,0.054804899933823446,0.03525413535397032,0.045324053128409425,0.06847009366692823,0.07371932457694337,0.05937851213854332,0.053557808536500745,0.017815848293944232,0.025269055746750074
11520,0.060941531216419924,0.019454790772436316,0.04788425009358713,0.07508297883990303,0.033812307268904516,0.07231369967287149,0.020884667090534353,0.067889282415102,0.07828753665908304,0.09307869967433473,0.03807746652026471,0.05185768138720181,0.03851842571437896,0.033896098491544596,0.05171519665170613,0.06573244747873666,0.058924639393535344,0.054058374161664445,0.010901690223060385,0.026688236274730433
11552,0.06527416301073449,0.020068294736858373,0.044213732495549884,0.08131516414982187,0.04469270895809943,0.05830653110772815,0.015327922435459582,0.07281039695185919,0.08147087490741561,0.11311285595476755,0.03723234170715573,0.049810340603235505,0.04186247614437387,0.030687239773192338,0.05343077360565627,0.05933169770942279,0.0505899307488552,0.04765005590943619,0.010531442399396743,0.022281056690981235
11569,0.05945050909565425,0.02341926988922728,0.05352369209745583,0.07091983598668683,0.039859473162483824,0.05424983703611758,0.023755076737916252,0.0572186900533806,0.06731069610266453,0.09068743813319619,0.02544863258716858,0.03989041721203385,0.04727639270746251,0.040557478502945034,0.05602350064474557,0.07469076598965965,0.05743680051644708,0.06372929055702918,0.018934717784860458,0.035617485202864875
11620,0.06612802856369644,0.018763372439935352,0.04990072280074238,0.03786544375445175,0.03351163286920135,0.08658268727579377,0.029868657528184964,0.0495168384944293,0.05318378553322766,0.13336899208302794,0.03607281908134536,0.040114639314346175,0.02962591757519916,0.042613495463945224,0.06462000055417129,0.07633620446450258,0.05009023028717905,0.06608889086284683,0.009269175518226425,0.026478465535547023
11623,0.049019848836954066,0.0247610530022912,0.05644304459603607,0.05225582262229802,0.047617655623874044,0.060172150350701364,0.02339764025367921,0.057958218315777583,0.06944753991232124,0.11102419701674406,0.03154899557359492,0.052131261385736594,0.03351854033822896,0.03873717025451096,0.05008881273484278,0.08537693810321323,0.05521668568238148,0.059277197015245996,0.013222288593222041,0.028784939788346203
11628,0.05868731112301373,0.02877181478179702,0.041735110439463256,0.057931150653780704,0.03662989491368715,0.09288419031381297,0.0288334431184861,0.04279836770129452,0.05039845684835306,0.09058131847571017,0.0334153522400672,0.034067072331914056,0.06671711200673568,0.04901538004446171,0.03686904699417696,0.059858841523471894,0.07604205223219669,0.07616599387646238,0.025171142499808553,0.013426947881306153
11642,0.05109049858495723,0.017778406028154347,0.050158815380898676,0.06767231645760269,0.023021541460106782,0.07024611833356004,0.026747713109771087,0.05301811306257622,0.062467665978219976,0.07622028062398191,0.016672511071825855,0.04422310967653617,0.07683454788699179,0.050521407863898526,0.06180198167533276,0.06814697330248996,0.060841953743105165,0.05417198225007374,0.02618579738416843,0.04217826612574866
11676,0.06749647722321087,0.021776621808203084,0.0390934963110079,0.07299202727658616,0.02291780458038054,0.06497889257335365,0.037957170875077675,0.0745460514352284,0.061098464218434255,0.07903183228906861,0.02238711927258878,0.0337875301546701,0.05285929592841758,0.05928176107579499,0.06649857439808045,0.05327215620763555,0.05107854643798549,0.06194776827127028,0.030451437952165206,0.02654697171084043
11709,0.05612371540288241,0.01425565871001201,0.05067556501801507,0.08591280605142483,0.032830540656731085,0.06827518526858828,0.030695559012992688,0.05429525432634567,0.0623935473304946,0.08189345009007534,0.025488206613713288,0.03906083667703898,0.05355580064690468,0.04976078003875969,0.0614651145730975,0.049457202273719844,0.05128980033300579,0.05216321548476908,0.03202088621847363,0.04838687527295556
11723,0.057750334461315854,0.02509393159983148,0.0514146353019577,0.06622044167127791,0.033442841234555744,0.06946072610137925,0.038228842171956365,0.05000249179399696,0.06629397027869992,0.08681590505672035,0.029856499344716715,0.03783848776888361,0.0564373082061726,0.04908451883661021,0.06518970057707849,0.044668490174883294,0.0431373858061796,0.061639477792655044,0.027912262126797795,0.03951174969433107
118027,0.07939952359596687,0.01813248495230316,0.056326931787556093,0.03162909086891637,0.03967717917604395,0.048508782532455386,0.024380416490599785,0.048169461188053465,0.032853954674917855,0.10563913829784403,0.0245677232524211,0.03525842243540236,0.05690735780188979,0.03913124265234974,0.056760282401758184,0.10884332593526909,0.06943593473317639,0.07958747339170545,0.016049553270205904,0.02874172056116502
11983,0.08868586381581932,0.008412498464370649,0.046276493592946916,0.045272041735051866,0.03974378881333495,0.07405467124378194,0.01749501520889858,0.042635166231784365,0.040692853592140144,0.08227554072223559,0.021886646487153657,0.05385804852891044,0.07258667577711765,0.04344492934922709,0.05707472981790474,0.08831881787056078,0.0748882709959319,0.06765564134879785,0.014183556571877356,0.020558749832154197
12064,0.05543937708565072,0.020407860585836116,0.04932146829810902,0.048631813125695214,0.04196514645902855,0.08332962550982573,0.022017055988134963,0.04486466444197256,0.04702261772339637,0.1103522432332221,0.019629217649239895,0.030752688172043012,0.047942157953281425,0.037278457545420834,0.08327771598071931,0.058146088246199476,0.07188728216536894,0.08309974045235446,0.01787912495365221,0.02675565443084909
12092,0.05433318365514145,0.019308486753480018,0.058823529411764705,0.05388414907947912,0.05388414907947912,0.06196677144140099,0.02334979793444095,0.06376290974405029,0.061068702290076333,0.0880107768298159,0.032330489447687474,0.04580152671755725,0.0431073192635833,0.040862146385271664,0.03951504265828469,0.07678491243825775,0.05927256398742703,0.07274360125729681,0.016165244723843737,0.03502469690166143
12110,0.08506944444444445,0.014756944444444444,0.06076388888888889,0.057291666666666664,0.047309027777777776,0.0681423611111111,0.026909722222222224,0.04296875,0.06032986111111111,0.08333333333333333,0.023871527777777776,0.04600694444444445,0.05642361111111111,0.033854166666666664,0.045572916666666664,0.052083333333333336,0.06944444444444445,0.0802951388888889,0.010416666666666666,0.03515625
121791,0.04784375848022573,0.018244753569007226,0.06482540823089905,0.05336464886544995,0.04299791794149392,0.05198218392202446,0.019115766896172986,0.09387260775476369,0.060758103448730436,0.09500505799846276,0.03238059987495373,0.06087417852731081,0.03678106935026165,0.03600573095799654,0.04809501519051903,0.07845419632460307,0.05175794339146205,0.06085936834914614,0.008974804799215147,0.037806886127301625
1239565,0.07181789698067442,0.012025903570982228,0.05460811079602962,0.05334470443067943,0.039291453898649374,0.06797443087305736,0.022166598897742855,0.05054945635241248,0.05866280471812528,0.08887366288392856,0.024405173673269297,0.045247198151052534,0.056216962649641704,0.03755234489277548,0.057760685927122885,0.06098631067739,0.08398593926848288,0.06383876628874491,0.01657214221968749,0.03411945284955123
1239570,0.060765420108987084,0.008913342793373316,0.0446563751373035,0.0573275434239273,0.03613408088727436,0.0635479837483623,0.022713219375558712,0.05676920601258371,0.05884730026283306,0.0894865671050154,0.031016472959213448,0.0572757916255523,0.04071922730317918,0.027727323706869634,0.04341212977211748,0.07925866571279765,0.08474144628501523,0.06119437802439318,0.031626562168932025,0.04386696358671108
1239572,0.05587057278852923,0.015838161396095254,0.05372054794597957,0.06447692929792943,0.032344141431736105,0.07333802730613193,0.014998450960722212,0.050738294158108814,0.06811494657851153,0.08159641506303782,0.030031548695988647,0.04117954573098761,0.04919269248078582,0.037229919386385486,0.048277160587223165,0.06372078080809322,0.06933656029836112,0.08095524371339397,0.029372100378121924,0.03966796099387716
1239573,0.05048293965030659,0.013359806661838147,0.05336150582696703,0.06664095023745023,0.041025836646124476,0.07019911038809676,0.018857527598734974,0.05922618215547093,0.06974600534020177,0.0788169633595705,0.02346238974983003,0.047658033105024665,0.048935514766943154,0.0438030490389588,0.05172620566547851,0.05867441563300435,0.06657660616619547,0.07302729010305507,0.027007198590488345,0.03741246931626021
12475,0.053451676528599605,0.011834319526627219,0.04339250493096647,0.09072978303747534,0.028007889546351084,0.13984220907297829,0.022879684418145956,0.02465483234714004,0.07159763313609468,0.07731755424063116,0.01952662721893491,0.021696252465483234,0.09842209072978303,0.029783037475345164,0.11992110453648916,0.06153846153846154,0.03017751479289941,0.029388560157790927,0.022879684418145956,0.0029585798816568047
12538,0.050191810933257884,0.02025518541043835,0.060141481852504355,0.07276354845333889,0.04221082709842477,0.059850667655224565,0.023998945342710035,0.06375716131244774,0.06102266399003645,0.08990676628345481,0.028589346177498486,0.042059306496186874,0.050837248571461414,0.031192105217228094,0.05454965155191262,0.08668846882686368,0.04940406740739135,0.06562959040511428,0.01578162396590993,0.031169533048595387
12542,0.08113649677797305,0.019039250146455772,0.04510837727006444,0.06590509666080843,0.028119507908611598,0.09256004686584651,0.023725834797891036,0.037785588752196834,0.04803749267721148,0.09783245459871119,0.033391915641476276,0.026654950205038077,0.037785588752196834,0.026654950205038077,0.07205623901581722,0.05975395430579965,0.06239015817223199,0.09109548916227299,0.029876977152899824,0.0210896309314587
12637,0.07045990566037735,0.0173938679245283,0.04245283018867924,0.06456367924528301,0.03154481132075472,0.08254716981132075,0.02122641509433962,0.05807783018867924,0.06132075471698113,0.09404481132075472,0.03714622641509434,0.03714622641509434,0.04097877358490566,0.03242924528301887,0.05601415094339623,0.059846698113207544,0.07635613207547169,0.06692216981132075,0.02830188679245283,0.02122641509433962
12730,0.05627600351027687,0.016423363987529523,0.05428855577682005,0.0582381656934145,0.025523344094144276,0.05891698553838071,0.02043398424973247,0.08584731324041102,0.06155658980073952,0.09616748726780645,0.021969443674073334,0.0608737621823734,0.042791888897191384,0.030742961288334713,0.052189337782353074,0.08537472669788136,0.07306037149484153,0.058519549465137495,0.008775882712474604,0.032030282646083715
1307800,0.09825033647375504,0.0370121130551817,0.04172274562584118,0.05013458950201884,0.02826379542395693,0.09623149394347241,0.02288021534320323,0.030619111709286675,0.033647375504710635,0.09892328398384927,0.021534320323014805,0.017496635262449527,0.06662180349932706,0.01917900403768506,0.05955585464333782,0.060901749663526246,0.0639300134589502,0.09623149394347241,0.02759084791386272,0.029273216689098252
1330491,0.0687382297551789,0.015536723163841809,0.059322033898305086,0.046139359698681735,0.05790960451977401,0.06685499058380415,0.022128060263653482,0.0475517890772128,0.05602636534839925,0.08757062146892655,0.02871939736346516,0.04849340866290019,0.0635593220338983,0.02919020715630885,0.04190207156308851,0.0739171374764595,0.0748587570621469,0.06732580037664783,0.008945386064030132,0.03531073446327684
1330524,0.08320267744075258,0.0069649641198818064,0.06272990411867575,0.01266357112705783,0.021528070915998312,0.10646445154676476,0.009919797382861967,0.06061930893083278,0.04837785684134354,0.06534553458360973,0.02355574986431888,0.023005487547488393,0.11680636796719532,0.015196285352469396,0.07615479708134837,0.1040146535608756,0.07117228487004765,0.0669510944943617,0.007809202195018995,0.017517940059096664
1335626,0.06381390004873361,0.025453438421165472,0.042733800101839345,0.029619055561388028,0.05385237066390721,0.05162784461319511,0.0237859265531833,0.053740741328402925,0.039629781453538244,0.10125344161305046,0.025561747987827396,0.047801914802078876,0.05536503731939484,0.03733928444972176,0.04668503590244269,0.08543749741688131,0.07156032727054905,0.08934352707286694,0.011767161566681417,0.043628165853151976
1348384,0.05478320665562557,0.01750022982023093,0.06132609748792344,0.06424319820105091,0.04382225738080096,0.039375927032481266,0.01939525369857886,0.08204919819817337,0.07327624229989746,0.08631165712003828,0.025442151896061634,0.06705004102088621,0.032467151732425426,0.040635999795524305,0.04925713633642333,0.08082767496078949,0.06156742094963992,0.056935641362291525,0.008486392621715766,0.035247121429441315
138948,0.07660738714090287,0.019151846785225718,0.052895576835385316,0.049247606019151846,0.040583675330597355,0.06976744186046512,0.023711810305517556,0.06155950752393981,0.049247606019151846,0.0816233470132239,0.023255813953488372,0.049247606019151846,0.05563155494756042,0.03967168262653899,0.04514363885088919,0.0702234382124943,0.0702234382124943,0.06839945280437756,0.014135886912904697,0.03967168262653899
138949,0.046404466294475456,0.030097491875677028,0.03200566619448379,0.041592367302724774,0.04357970169152571,0.07050662444796267,0.03349720856595284,0.07111907341054913,0.053624697941838176,0.1169152570619115,0.028530955753687193,0.04590867427714357,0.05431214065494542,0.034488792600616616,0.048812598950087493,0.05278310140821598,0.0638988417631864,0.06214065494542122,0.02119823348054329,0.04858345137905175
138950,0.07288365776369397,0.019013128112267994,0.05296514259846084,0.05024898143956542,0.03802625622453599,0.06428248076052512,0.023087369850611137,0.06020823902218198,0.05613399728383884,0.08103214124038026,0.030330466274332276,0.05296514259846084,0.05387052965142598,0.03666817564508828,0.04345857854232685,0.06835672249886826,0.07695789950203712,0.06247170665459484,0.012675418741511997,0.04436396559529199
138951,0.07348242811501597,0.020082154267457783,0.048379735280693746,0.053400273847558195,0.04198995892286627,0.06526700136923778,0.020082154267457783,0.06617982656321314,0.05979005020538567,0.08032861706983113,0.02875399361022364,0.051574623459607484,0.053856686444545866,0.03788224554997718,0.03970789593792789,0.06617982656321314,0.07165677772706527,0.06617982656321314,0.012779552715654952,0.04244637151985395
145856,0.08700643993145214,0.0074295717309884384,0.045936368359426494,0.06706097192174378,0.03140072386225293,0.06212924837741642,0.020929050255503606,0.043450393917540964,0.046996766464279895,0.08464114150789774,0.036529939283969574,0.05618074456618668,0.03434565488791185,0.048455056179775274,0.06455076534766324,0.0771863683594265,0.06598506525228558,0.06233764471429346,0.015058089267297866,0.04238999581268756
147711,0.056377079482439925,0.021256931608133085,0.05822550831792976,0.04528650646950092,0.04205175600739371,0.06377079482439926,0.026802218114602587,0.07024029574861368,0.059149722735674676,0.0822550831792976,0.021256931608133085,0.04436229205175601,0.05683918669131238,0.03743068391866913,0.03743068391866913,0.0878003696857671,0.06561922365988909,0.07024029574861368,0.012939001848428836,0.04066543438077634
147712,0.05002294630564479,0.01973382285452042,0.05323542909591556,0.04726938962826985,0.03946764570904084,0.06700321248279027,0.024782010096374485,0.0656264341441028,0.06287287746672786,0.08949059201468564,0.02432308398347866,0.05277650298301973,0.0559889857732905,0.03717301514456173,0.03717301514456173,0.07251032583754016,0.07939421753097751,0.07113354749885269,0.01101422670949977,0.03900871959614502
159148,0.06647360995395034,0.026773320806563843,0.05159489893446151,0.05177383098201318,0.05603609613397329,0.04842224535889688,0.021485243262337406,0.07860857996500895,0.07527591334813888,0.08724098839385737,0.03223573009835005,0.05721277547348533,0.036801658654513854,0.040969377830574395,0.03929758847913951,0.0581368144043198,0.0653877647369084,0.05542668719926628,0.012294901293477906,0.03855197469076282
162145,0.06431405902381049,0.020698568766207414,0.04781674949280974,0.06522420761126548,0.023515415736493663,0.041996535669691464,0.02229203991538484,0.07555252918655231,0.08344459350253813,0.0895079291438702,0.023959441711372414,0.05262170218912725,0.03843003639038314,0.033475053959147745,0.03824058482023628,0.09218832924311013,0.08500104437528061,0.05950461409984295,0.008313835594975357,0.033902729567900414
164416,0.07136563876651983,0.018208516886930984,0.0513950073421439,0.053744493392070485,0.032305433186490456,0.08340675477239354,0.021439060205580028,0.055212922173274594,0.05961820851688693,0.08898678414096917,0.03671071953010279,0.035535976505139504,0.04229074889867841,0.02525697503671072,0.055506607929515416,0.06431718061674009,0.0684287812041116,0.08252569750367107,0.027606461086637297,0.026138032305433188
1678143,0.11176702085792994,0.016312475403384492,0.0448642266824085,0.04192247146792601,0.03606847697756788,0.07451790633608815,0.025029515938606847,0.03791814246359701,0.018496654860291225,0.09515938606847699,0.013311688311688313,0.031001574183392368,0.07557064147973239,0.03546831955922865,0.07283549783549784,0.07265840220385675,0.08065722156631247,0.07111373475009838,0.012977174340810704,0.032349468713105074
1714619,0.06061819519405742,0.015765906295072723,0.05579015351318981,0.0559541593341073,0.03828729958197223,0.056043667365020366,0.021602529042132307,0.0612900635228691,0.048272195049934345,0.11040317558753757,0.027599850896652234,0.03737864584346159,0.0640448112726536,0.03530264546855788,0.06140914420080364,0.08408609753788651,0.06228349843032486,0.058702739834313955,0.01176493106867121,0.03340029096078134
1803956,0.04726938962826985,0.021110601193207894,0.06103717301514456,0.05323542909591556,0.04405690683799908,0.056906837999082145,0.025240936209270308,0.06700321248279027,0.07296925195043598,0.0867370353373107,0.029371271225332722,0.05002294630564479,0.045433685176686556,0.03809086737035337,0.03212482790270767,0.07755851307939422,0.07342817806333181,0.0656264341441028,0.012391005048187242,0.04038549793483249
1803957,0.0641114953333781,0.02260290069160008,0.03029527294702209,0.042843114214731755,0.029183173302893977,0.07541714228160881,0.045251964009937556,0.051164976834754586,0.04217585442825489,0.08942959779762305,0.022510575438125294,0.03456741422144632,0.042444436983817904,0.037328778620828576,0.044492378969985896,0.11711038743033639,0.0722109380245753,0.08658430134962734,0.017885919559524607,0.03238937755992748
1821749,0.07940663176265271,0.013525305410122163,0.04712041884816754,0.054537521815008726,0.055846422338568937,0.05846422338568935,0.01788830715532286,0.039703315881326355,0.05017452006980803,0.08464223385689354,0.02225130890052356,0.04493891797556719,0.0636998254799302,0.04450261780104712,0.04842931937172775,0.07024432809773123,0.07940663176265271,0.07766143106457242,0.014397905759162303,0.03315881326352531
1821750,0.05242265726136694,0.01002615518744551,0.059509656283849834,0.06507093603867797,0.04326834165543843,0.09068452616839714,0.02539563023433991,0.02048823016564952,0.05297085942247233,0.10158252093735964,0.027357269292753165,0.06964809384164222,0.046319780190747936,0.03498586563102692,0.05362473910861008,0.08272568756439724,0.055692055692055695,0.08272568756439724,0.008064516129032258,0.017436791630340016
186538,0.06702055584234318,0.01573051335253988,0.051603822351254096,0.053096809854040104,0.038413674089122725,0.058639528280940545,0.0282079961993242,0.06178232563648613,0.052319436694016536,0.10037978090454251,0.018697426141948616,0.045603304516947496,0.05977225365286065,0.053764804772357525,0.05211737985981964,0.07441043089746481,0.08013243503319632,0.05270149165139275,0.014213348121654189,0.021392682147748095
186539,0.06475959710632609,0.01618300496184622,0.05523303201818095,0.04894618395010028,0.03380343933263848,0.053865477721605576,0.026253492086238894,0.06069403373488163,0.05307802186369971,0.10588903060587404,0.02188957461343721,0.05084535611902888,0.06824231675749814,0.050848609549328724,0.04922621993523898,0.07923834488282204,0.07197521034405359,0.05018335734036167,0.0143573982905722,0.024488298786266675
186540,0.05527703961532313,0.014277431584918506,0.048177005550506066,0.05228688739774777,0.03665465416223205,0.04944411758059784,0.029376018858032916,0.07514650418392593,0.06127625506564146,0.105943289233465,0.019345754504591663,0.05286662576676323,0.055332724001989485,0.05086475082201164,0.049043767554499594,0.07271044126393522,0.0740761928137599,0.05723647228968774,0.01175800713525856,0.028906060615112295
186541,0.061869369775396525,0.015508009089717938,0.04552084728134195,0.04892724477907056,0.03488156520941299,0.05140982881792127,0.031196637701623682,0.05998295011581219,0.05527475801537591,0.0992362265389149,0.018981039650266936,0.052044725708337,0.07466150976249486,0.0531077492522166,0.05325885911327725,0.07951552089288168,0.08778788061980003,0.0432503691727352,0.013593019993464074,0.019991888509938507
1897087,0.053215544536403286,0.015709973031884306,0.05209718307359743,0.06718680697526344,0.030751483784058994,0.05582741758837615,0.02118123487201524,0.0655914638967066,0.0464219581998413,0.1118393648162856,0.026493822671258396,0.04202375866246239,0.06331133513933258,0.03487411786730798,0.0617903626325035,0.089020063933335,0.0728863087445548,0.05037240262370087,0.010572385178215593,0.02883301177289652
1933179,0.05314843507080131,0.02179372928134876,0.047222701561679875,0.06524048182903407,0.05311711239740475,0.05092261245187026,0.021878305451050812,0.07878149475137725,0.0797828188417058,0.09272987461626224,0.02685135764293077,0.05546339863601085,0.03391800515546839,0.027325757613532772,0.04131924637482757,0.06841239175295676,0.06797672301720753,0.05889200531132832,0.013918994533877889,0.04130455370932402
1933182,0.05467276628725097,0.022700883466352365,0.059323375128280426,0.06712626413667233,0.04694477937553124,0.058576383425999703,0.01912269926623295,0.06398348086957896,0.07105832197368923,0.09166647880068671,0.03209692267205828,0.04276317513339691,0.04254712733192372,0.028916087936338805,0.05185391276404232,0.0914667270437176,0.049242036670227814,0.05656918201017931,0.015474891408560964,0.03389450429927941
1933186,0.0609661546983757,0.03886151482777088,0.046569688216221865,0.05446712240106265,0.06706928628191855,0.05131229556168184,0.018425993050998374,0.05764563188598748,0.058766540062767304,0.11765325754121844,0.0325541942838425,0.035051148597402146,0.03807723871117732,0.033480553211086686,0.04036124545926078,0.08482234075404962,0.042780983081500856,0.07687590873106194,0.013334683144466378,0.030924219498148685
1933187,0.07629750250456677,0.02315700402401044,0.05834036048791992,0.06191770053709005,0.04553483225784867,0.05868119500721149,0.023480307952220954,0.05515875134863936,0.05360349616946121,0.09411318474949595,0.03661149233862958,0.037563805164324046,0.052470705416017095,0.029520880836850574,0.05939501330800603,0.0795604565929986,0.045160455242341455,0.0692167456831476,0.012082293463380071,0.028133816915840132
1933189,0.07508495080180358,0.02178681866414712,0.05312298173940931,0.06629896826765898,0.045926595331442985,0.06102027159914341,0.021911350328772863,0.06361435670673975,0.06299686600162474,0.08804547225378613,0.033258593583446794,0.03541149662948197,0.04397174390015175,0.02959318989606252,0.05354241652903197,0.08196703636545129,0.05398082218869645,0.0696998942058898,0.012748646694249088,0.0260175283130095
1933190,0.06857253697020838,0.02453201815273691,0.046948992857629386,0.06652720424359945,0.038295155260932384,0.0707037412125496,0.0223030749445371,0.0496213441637904,0.06569459696862998,0.10596447198723365,0.03146882944731225,0.034697988806896195,0.04851117088191776,0.025248766233762588,0.05923705029724783,0.08102742039508001,0.050931640115471966,0.0641523200412682,0.02062266916833532,0.024939007850860628
1933191,0.05412989612495276,0.019688273215663937,0.04566995203952936,0.08208882715970849,0.04530881959034899,0.04787607212356957,0.02603565094332941,0.06085144557487332,0.09234256675149488,0.09850009828670697,0.02950350624044069,0.03594871809910619,0.038085532194164474,0.033856561931202726,0.07706805198550498,0.07196655397147352,0.05586223548107953,0.054795996030057324,0.01408930673408843,0.01633193552270447
1933264,0.05824623459947872,0.024260003346529474,0.049864278108285386,0.06675896675427916,0.04745773777952746,0.05384036726040465,0.0203650824734332,0.07534392912525191,0.07790194498502158,0.09160293907553373,0.024787732864270436,0.05757938547680062,0.035468740294428196,0.03114791888577859,0.04373982125563844,0.07064720503310583,0.05535542021874623,0.055195077512158186,0.013327365674431912,0.047109849276896286
1933269,0.06933450628857661,0.022415508475093538,0.049805316574681215,0.06447449279485251,0.05822637624125895,0.04513586967649289,0.026691812937744752,0.07397974411578571,0.07208742791781309,0.09664117425738224,0.03215491044562435,0.05935771119819681,0.033955771727106794,0.03752655303701379,0.04791724340271267,0.05867246185468114,0.05907533942727159,0.047934044240428936,0.009146377597997095,0.03546735778928533
1933273,0.06778382132979648,0.024142176923274906,0.04996230061572555,0.06435255899630772,0.05833868977747022,0.04504052959108773,0.024350114208472246,0.07102402401521868,0.07149579117915077,0.09427460532021541,0.034193244449135934,0.058766518526337665,0.036175691107051676,0.037644590271607985,0.04834518684023879,0.06375002435339694,0.057965572930360365,0.04813280045820225,0.009396461247799642,0.034865297859149075
1933274,0.05293828898963918,0.022389663789947903,0.046404661567920176,0.0625069441899404,0.05460439713647747,0.04702780096513648,0.019648973749582535,0.08694303843275662,0.07455366522850128,0.0927889887397307,0.02419380443682016,0.06547549016949072,0.032886549397156066,0.03320728531117018,0.045121297802136674,0.07333125535937801,0.06186973993510273,0.04781615337384365,0.01161719479393044,0.04467480663133861
1933276,0.0481548854627048,0.021478293740909826,0.0538923726534317,0.057746381348318325,0.05310213058305734,0.04915662785256306,0.026524731631907272,0.0861113224272994,0.0796435566285313,0.09267165717771492,0.02446699101123508,0.06112202699272538,0.03580264896218691,0.028119056375533923,0.04046181524636559,0.07309646951611072,0.06565254040585429,0.04689024072309572,0.012104763275357878,0.04380148798509654
1933290,0.06174182074387199,0.022996223569331276,0.05055137659610926,0.06485972999614473,0.05186427513742254,0.049335134453377005,0.0211448524490412,0.07738167003960572,0.0807736027401147,0.09027593496530358,0.03141290815261765,0.060540875317006165,0.03765660838468213,0.03450319657329611,0.04335519425129516,0.06614312930085836,0.05604456244197794,0.04859776493933896,0.011474267797640847,0.039346872150964655
1933291,0.05123913079480451,0.01717209481283729,0.03794332113782992,0.04850745209919268,0.07943265751459778,0.06891733242581373,0.0414437698669517,0.07862996385662256,0.0730780464360889,0.08410539238102241,0.038168873498184555,0.07779998488607627,0.027581883305834325,0.032828703432742815,0.03960720104117968,0.054343660226305546,0.05228473740827782,0.03936205561948476,0.015014095753639718,0.042539643502513
1933306,0.0606093705820259,0.021230995914540213,0.05195522356264345,0.05838293920273602,0.05160716725006881,0.05575010011878836,0.017298009885370974,0.08086215028169479,0.0760827576682656,0.09008400173144261,0.026767255907136262,0.05732622647232427,0.03275033362017179,0.044003672656419496,0.04409859347594388,0.06698907487556734,0.056680863908488664,0.05183041641846564,0.012940850436247717,0.04274999603165821
1933307,0.05919856271506715,0.02281372959465359,0.04670760129903359,0.07074171188544782,0.054479796235511746,0.04371728787018764,0.020936689326200058,0.07750118721834486,0.08599306080518625,0.09372090542461853,0.032197480539111006,0.053719088337156,0.0370509163038573,0.03437061317963116,0.0395470786360852,0.06958462467864122,0.06219588055685338,0.04742557548309522,0.011661659786085065,0.03643655012523326
1933309,0.06453879846105993,0.02312173495919079,0.05303561769992865,0.059071925326342284,0.0645653914205151,0.05166676668443453,0.021223211417557706,0.07186709050666648,0.06961546502182545,0.08123046956969217,0.03239170527156393,0.05279958557343717,0.034293366625522105,0.0400823361954104,0.05115469532430663,0.06226851279854814,0.05864028982403541,0.060541117696594725,0.012777573819976648,0.03511434580339174
1934100,0.05719541810155775,0.022174649503132454,0.04368383214371142,0.07478342865480377,0.05442219773430934,0.044430161398565614,0.021080943832243678,0.07540814287098742,0.085398390919109,0.09466139979313089,0.028410658801804198,0.052564935196253916,0.03707240431287993,0.03701017102052444,0.04164739599093998,0.06958185101951558,0.06010939215900609,0.0511895066673456,0.011246864513624888,0.03792825536655401
1934101,0.06204551805372752,0.02289889387012377,0.05681721072389389,0.06335350012144902,0.05567925885858007,0.047374118871928626,0.02201047235674658,0.07845000222086125,0.07920843403896155,0.09539853473908133,0.026944265603372496,0.049376154670979756,0.035650191813021474,0.03364752946324752,0.04937431678885945,0.0666216448202266,0.05795762180079481,0.04739536938394457,0.011046825440572063,0.038750136359627624
194440,0.06315174742216392,0.022406096110844476,0.03581880321722504,0.06536681632402984,0.031501700627937224,0.05595882252318394,0.03468786158388096,0.04150601713614853,0.050302436271292106,0.13059225068538388,0.01247368640910462,0.030355029606262702,0.09312460402269071,0.06046788642843157,0.06031456584369928,0.07194427327209223,0.05282572195981709,0.0403664466313086,0.019711075648116853,0.027124158276386433
194441,0.047773449186078155,0.026215495888274133,0.037330932298902365,0.05061631581603464,0.035080173487827694,0.06264654312707206,0.031515218696756955,0.04151150263072574,0.040171741365291704,0.12804644122502734,0.012146723509618883,0.02960929501162175,0.10126415328955896,0.06238484565155396,0.06969323757584994,0.07320451911179439,0.0644925210946736,0.041833065910863686,0.01702275782425109,0.02744106729822298
194443,0.058064224951922934,0.02450207376521384,0.034729923353031274,0.05952700728114894,0.028408293021756736,0.08500464141075956,0.022414040878319715,0.034450947146162196,0.04904735620414082,0.13349206169326758,0.014963894668925783,0.03344846713263574,0.07958673887349277,0.047387385481930645,0.04973877840016303,0.08886054070526431,0.04872768586452652,0.056687184695937164,0.029873492102843985,0.02108526236855642
1972572,0.05105015567148313,0.01049015000777972,0.05461469744722482,0.054613805219572986,0.05360455657936821,0.05962913337614937,0.022132443997337672,0.049011338141355,0.07519724444257318,0.11539309906933282,0.030081360339309488,0.03950661866460977,0.05691652053127618,0.02764071687013477,0.0444098100794215,0.06979627060273774,0.05787107228314156,0.06329669501293596,0.015272182487979222,0.04947212917627692
1972573,0.0513053361584639,0.0159862417225032,0.06467317341900028,0.05527965358916746,0.03706417268071642,0.05727525766267962,0.018321565067757537,0.0631111469081837,0.06681297372334322,0.09464390567812561,0.034824194042027606,0.03781946388317098,0.05272313508460567,0.03546367852692471,0.04852276891671485,0.09396409457007018,0.05973201421856263,0.05676371566368976,0.019462756876586235,0.036250751607706425
1972574,0.04503410274075805,0.00909691651345807,0.05534576845773704,0.056239229161517225,0.055719481731544805,0.05265333316557095,0.02495495698182283,0.056174987340391724,0.0724956565813941,0.09959017555496409,0.028203021223815825,0.03805134941150427,0.05298284486387905,0.033563351891356806,0.037831171378789476,0.08760950390154727,0.053835546185959406,0.06257589823404652,0.020143434285093145,0.05789927039484932
1972575,0.05894309419638498,0.014389982535495654,0.058519100730080056,0.06722227759182628,0.04268801263487581,0.057980693162327346,0.021380426809611074,0.05225569867992452,0.0640329504149401,0.08766163850375566,0.02907862590990775,0.04174819178778992,0.056375006717966504,0.034879574959850626,0.050568444970105854,0.09221049443981426,0.056273192247347024,0.06006139441123852,0.018175852010745414,0.03555534728601264
1972576,0.047844281421468696,0.02454025715886899,0.05634819934253891,0.0569927596201789,0.06327258985310923,0.06681130476011853,0.01719225590315856,0.06377889631584956,0.08024405519073334,0.07396336620213269,0.029533971398504853,0.046657960893865015,0.05110166835363571,0.0327322334674258,0.04733447197480466,0.07109075932699498,0.06072664075709515,0.06934644467895995,0.013061070803612181,0.027426812576944293
1972577,0.05784976250676965,0.012933118328539803,0.06422478322926775,0.06323481647919807,0.0446446981675035,0.06610178432971042,0.025226937811536156,0.05576584242499727,0.0712029572024386,0.08769169847762666,0.029684390854775262,0.034011013552167804,0.05264538371995686,0.03469932774434886,0.042515334346355245,0.08492655784855051,0.05746911918574822,0.05442279720957184,0.01865299792713363,0.04209667865380385
1972578,0.03582705742018075,0.013185299578097649,0.07501069262872383,0.06391073626655307,0.04775791614223779,0.06573734507316577,0.016969140984370665,0.05406809807567148,0.08936311164451656,0.08828562037640542,0.0281848953745826,0.042468590879018504,0.048056083275126456,0.039386765261162006,0.034797556633525274,0.0764290046997886,0.06889234606126922,0.0502406962031274,0.015255988528797839,0.046173054893679094
1972579,0.04975122023563709,0.010280285153323554,0.04569106287776807,0.053444951920266937,0.07716107256859361,0.06306844175797474,0.026573276771441216,0.05201503004570719,0.07396594648427914,0.10381211438953776,0.03437726932862364,0.03256675702173293,0.044148967972649764,0.02390507295695177,0.04670928794028717,0.06966004817086022,0.056607178419746905,0.07925905274193797,0.013920704457380789,0.04308225878529954
1980456,0.06342578240302103,0.02679074696455508,0.05223776027530922,0.06282741290935395,0.044282517717360755,0.05578398256854766,0.022526669513050133,0.06284941656880767,0.07064442229016395,0.09606501451138431,0.025149185924308887,0.034732157855695035,0.04269227324888644,0.04440150496630968,0.04224045313663797,0.07369334467555311,0.06758015275078533,0.06826722252004033,0.012869868814673162,0.030940110385556233
1980459,0.06377675465330311,0.02566783257910769,0.05705579455171244,0.06117785377866353,0.044596770113994544,0.057249557917226,0.021644891549383052,0.0625944166789897,0.07027884691100329,0.09516623111102533,0.02167543853020558,0.0353001203511263,0.043413603201764926,0.04262596149422541,0.041809263498273706,0.07201462641125887,0.06372720745104345,0.07660660143823043,0.012591552354288054,0.031026675425174566
1980460,0.061926989705348344,0.02583785076440989,0.04199709239810826,0.07366598666299844,0.042552827564143025,0.0571754560433198,0.02520536624718117,0.05371591329037778,0.07036849485508324,0.09145071651732765,0.021860355288265184,0.0420017098061058,0.035085354593646416,0.045083126995422905,0.04177264621805376,0.07239792597275135,0.06967241056161012,0.08281929536908507,0.010240507532638651,0.035169973614123134
1980465,0.07021898637814022,0.03196925768153031,0.05147273198464503,0.059008487341874666,0.04139198885631448,0.06079625520335606,0.021609112554463142,0.06013824324980968,0.07087699833168662,0.09152642576005443,0.023550753980466153,0.03134971411911434,0.0464981616158344,0.046064886052576165,0.04177059881112425,0.06967030564149079,0.07456793922804063,0.06936863246894183,0.012038581771651631,0.026111938968885147
1980467,0.0614813180347161,0.026525658807212204,0.0588194707126746,0.057116939155774114,0.04420032502556775,0.0596807184185825,0.023025329578727636,0.06786449796158533,0.06962411913868226,0.09497926561033358,0.02614284313313439,0.04105128959497891,0.04055114249289007,0.04216436206727469,0.045123565754633714,0.07859909777385506,0.05687562168144692,0.06211420725983833,0.013720772215917845,0.03033945558217403
1980471,0.06212731756154555,0.02640093386598132,0.055179959302828985,0.06138134146094142,0.04289912632600662,0.05846259208847227,0.02330862717126621,0.069687582622576,0.06627776810958769,0.09262963416448466,0.026699326194172604,0.03670803349341976,0.040728978248112856,0.04089585411659093,0.04799601169128672,0.07787204914462798,0.05954302413124742,0.06310347059403086,0.014515745279088478,0.03358262443373169
1980476,0.07614660591345994,0.03180812851298766,0.05272807396813782,0.0564530881032361,0.040322446536069444,0.06056473875012472,0.021967605680646554,0.0651835899823727,0.06690890344896397,0.09282602188445804,0.02291548874180996,0.03220307978847241,0.04605131872152193,0.049223401070941565,0.04227225862240995,0.07279991352645758,0.06801476702032128,0.0632919812418931,0.01179033491868161,0.026528253567033623
1980486,0.05897202336707297,0.026906509300326162,0.06176729715153087,0.058880653032428364,0.04429462612795562,0.05742272638927106,0.019063200981185427,0.06555664431707592,0.06851936912883361,0.09329994928039935,0.02827897048918075,0.03500920302050228,0.04427213130176565,0.04747788653374089,0.048168937448066045,0.06711221430760356,0.06597597785682666,0.06432312219475357,0.013040076640622934,0.03165848113085829
1980489,0.05495434700124398,0.020420479437083777,0.059951047043228595,0.05435158501087006,0.033642974719426746,0.07912638880896797,0.0275464276652139,0.053221511326849415,0.08542622368997202,0.07778741022377167,0.020891168421958498,0.06364012401312137,0.04763103789871432,0.04422994398422372,0.043976014665403663,0.07821312905535349,0.05961380552275609,0.061699712200158185,0.010366736680246577,0.023309932631435944
1980490,0.06683136658277841,0.02609878636607435,0.05490474226109796,0.06125017235737071,0.043672754932455184,0.06087827931785852,0.024163077439209382,0.07090767211015181,0.06579701132034009,0.09055436282848106,0.029278316427120057,0.039392407785489005,0.04163498907213773,0.04249307990527632,0.04859454984072472,0.0757149835472717,0.052907845564540916,0.05879724872500796,0.013807417686298687,0.03232093593031544
1980491,0.05760877276110448,0.01917944564713042,0.04288533331272452,0.06437612842460808,0.038982791228420875,0.05950016242430319,0.028360589789639852,0.06655855643998831,0.07251621461274933,0.08366766643230635,0.03008088786583731,0.03684144283697133,0.03166472398281103,0.04915907972203904,0.06055980619574572,0.08835333914536544,0.06772887571598854,0.06270678953936398,0.015598230594711942,0.023671163328190224
1980492,0.06323872014872654,0.02598232225258071,0.0562680569581262,0.05831169261726548,0.04303798066051343,0.057079429070141956,0.023058100063021742,0.06984705811829484,0.06578750147512036,0.09296038754477169,0.028513710961578093,0.04307540341530299,0.04256927370108146,0.042586580965876135,0.04700896217395354,0.07447028272047529,0.05896148290897571,0.06217836047961619,0.013455826141619677,0.03160886762295797
1980494,0.05144488469538567,0.026633729343737526,0.05083764745443146,0.058423070568899685,0.04652892691111618,0.043457094758033096,0.045940423396299786,0.05802403625486144,0.06471990713538424,0.0919052743480712,0.025009334212208675,0.029709089504659565,0.05205889477384719,0.0403370383455172,0.03356646990868323,0.0744151911777701,0.10200526881168831,0.04793551907893021,0.016191206631276163,0.040856992689199095
1980519,0.058598343474714355,0.027949713907353447,0.04894048993739667,0.06646142984497748,0.0405649816218631,0.0580094852326734,0.02306394554567012,0.05827439764983217,0.07540895592637577,0.09868573286186383,0.021795716488070663,0.05004860284277768,0.038096009062425835,0.03316596963369372,0.0443588313778517,0.08584906194718504,0.06912173047659505,0.06133255552829914,0.012867519858958018,0.027406526781422826
1980521,0.05813869673086045,0.02806528634918677,0.04975125187022263,0.05954656013596367,0.03534899635777712,0.06298025637504197,0.01810763515971171,0.051601316901813896,0.061525143322331166,0.12007468832629413,0.02559569347267462,0.03567214851218718,0.03053983439445971,0.026609964504209965,0.03630818076845604,0.0649855444910136,0.051997726868546965,0.14610008835732735,0.01969924235752378,0.017351744744397227
1980529,0.06654333849000485,0.04060687312359566,0.06460647335867864,0.06848818955267355,0.0471748550190412,0.06796686903098763,0.017829239374108984,0.044581443096540475,0.05561378707338287,0.09736307956052971,0.013135547273644188,0.03569448451885588,0.05035938021818642,0.03346416198143838,0.029253096158579593,0.08542818213357287,0.05148750424092689,0.0845026401562298,0.020107576131783086,0.02579327950723932
1987017,0.03960877587838422,0.01682182777531195,0.053268183968560666,0.05184642745739488,0.03866343275278968,0.06121520825497937,0.028324602537477733,0.08346349625689538,0.0709014822084416,0.1015692888109068,0.027386582837269583,0.045249285399017,0.04419185246212786,0.03633342968537243,0.0494215439919619,0.0921836176206366,0.055824519007697325,0.052565944067271914,0.01852700487419486,0.032633494153308254
1987018,0.03681739841790155,0.014459655346610182,0.062397956899114156,0.06721998167243885,0.03293820118573471,0.053210559311775325,0.028450079594168867,0.0728785260256103,0.07456431738317448,0.09902691477311433,0.03045806654673313,0.04538647138655633,0.04831601562611763,0.03177956165665996,0.04610045175174823,0.086915840657774,0.06693415570380772,0.051061870484011875,0.011459940168168037,0.03962403540878033
1987019,0.041484759379111794,0.024208293298106795,0.04744618962991617,0.05179707604167871,0.03236095701274142,0.052906968136004005,0.029653004889594454,0.08479609482159178,0.0827131024093888,0.09943746271280568,0.027450100605237678,0.04793194601240562,0.05544330349727841,0.029359201242788638,0.04284057069841495,0.08795487050403189,0.06976268499025498,0.044732840953002936,0.013977569307667269,0.03374300385797801
2003649,0.06650965614696185,0.02955723033443241,0.04597268016957136,0.04674988224211022,0.04361752237399906,0.0643193593970796,0.020160150730098917,0.03217145548751767,0.06078662270372115,0.11457842675459255,0.02541215261422515,0.02974564295807819,0.08845972680169571,0.031841733396137537,0.028167687235044748,0.07804992934526614,0.07138483278379651,0.08367875647668394,0.014272256241168159,0.024564295807819124
2003650,0.07055503292568203,0.015051740357478834,0.06114769520225776,0.041392285983066796,0.05174035747883349,0.06632173095014111,0.017873941674506115,0.05879586077140169,0.059266227657572904,0.08513640639698965,0.02398871119473189,0.05079962370649106,0.05644402634054563,0.03857008466603951,0.041392285983066796,0.07478833490122296,0.07196613358419568,0.06820319849482596,0.011759172154280339,0.034807149576669805
2003651,0.06909607193563654,0.012304779933743492,0.06105063890203502,0.04637955513487932,0.05395172740179839,0.06814955040227165,0.01893043066729768,0.05111216280170374,0.061997160435399906,0.08613345953620445,0.02555608140085187,0.05205868433506862,0.057264552768575484,0.03028868906767629,0.041173686701372454,0.07572172266919072,0.07335541883577851,0.06862281116895409,0.011831519167061051,0.03502129673450071
2003652,0.06954887218045112,0.01738721804511278,0.0606203007518797,0.046522556390977444,0.044642857142857144,0.06484962406015038,0.020206766917293232,0.051221804511278196,0.0587406015037594,0.08787593984962407,0.02725563909774436,0.04887218045112782,0.06296992481203008,0.02631578947368421,0.04276315789473684,0.0700187969924812,0.08317669172932331,0.06578947368421052,0.011278195488721804,0.03994360902255639
204269,0.10067447406975494,0.013971023155485967,0.057274471596323887,0.059952817061113016,0.03231145092087366,0.06176227300997381,0.026225847501083616,0.04673212047992665,0.028909823713665527,0.09342133321241348,0.02678186517128419,0.025449629756834437,0.05159895708828098,0.03786795248989712,0.09833589700533515,0.06595928090764257,0.06182085195812911,0.0702008268300944,0.010387345433840673,0.0303617586380468
2083198,0.08879062902488737,0.028861651757856852,0.04698268398188268,0.06284855491764592,0.03314061730336337,0.05366320839290117,0.026724394053974296,0.048976123954398876,0.0659678392478826,0.08509462573909693,0.02478083110186305,0.039542362180005404,0.05908593260711404,0.028002526444230114,0.054555351106304245,0.0658290558794464,0.06726306649135129,0.07405064293769927,0.009311643284856294,0.036528259593239826
2083199,0.086904894025245,0.028730573153881844,0.050320052471626166,0.05792190562433861,0.033277048227693666,0.05419159522822573,0.02653904757878103,0.04561199509373844,0.06197102098339674,0.08477619760616173,0.024173859620613903,0.03982703804336579,0.058421050869903124,0.031101113408323833,0.055460599017389915,0.06672247313262074,0.07248464551145321,0.07650145352709718,0.009047896820799596,0.036015540055343735
2169701,0.08427551769634703,0.03418230936527773,0.04826317630028408,0.05443004289812427,0.029324748135485065,0.05920888558224556,0.030281909920905275,0.0524840229217259,0.056939631931585924,0.0767523235903459,0.021883059072347222,0.03772081248685122,0.06012459822193614,0.03382041304247876,0.04937638192845111,0.06656767635392416,0.07787110221289675,0.07711282666454894,0.011101753124708288,0.03827880854953068
2169991,0.05426690293334239,0.023630374129911594,0.05310497152505041,0.05876418578789677,0.043396132111746304,0.04881578468705398,0.02819484741778914,0.051891184932715675,0.05100723865902307,0.1345407671100256,0.019815499807709754,0.044851694634546774,0.055419820786196936,0.0484087086954802,0.05703985505679843,0.08806321125713501,0.049406709958830314,0.045437144488704936,0.02277923301780354,0.021165733002239163
2169992,0.03984917202148346,0.022220812013869346,0.05646740315209714,0.0577469040268632,0.04602777538923291,0.05721857007623247,0.027463725308659082,0.05887867680314977,0.06801923696082611,0.12757667948831825,0.025101694357099618,0.05914778738595916,0.03528595193697668,0.037466947659812594,0.05047231666464195,0.07905996513884737,0.06093683972580279,0.05426758555241327,0.014262012185546633,0.0225299441521682
2169993,0.0440316331364162,0.02640907378072622,0.056441204230351705,0.055274195587024504,0.03881864487466172,0.057006180386486784,0.026759455152625542,0.06496536526533019,0.06350967280098375,0.11146228393158576,0.028264046144995742,0.06072682738979079,0.034916041481355485,0.040511317123994,0.05152827538630369,0.07221304378128142,0.061299842064664885,0.060462276843986584,0.015736005830731595,0.02966461480670345
2170080,0.051939910641013956,0.009528585757271816,0.02824952129114617,0.062386021701468036,0.015045135406218655,0.08874920215191029,0.021895231147989424,0.07642244916567886,0.059963982857663904,0.08336372754627519,0.023775873073766753,0.02486436582474697,0.05047528950487827,0.033344351235524754,0.09463618127108597,0.08845285857572718,0.0698231056806784,0.07132761922130026,0.013580514270082977,0.03217607367557217
249583,0.05217155062086351,0.02302682038409075,0.057985032892813586,0.06072289893200655,0.05468892743498638,0.05454672380964407,0.026117674068555908,0.06567192511011884,0.06724067561773084,0.08812596905440755,0.025723628274758745,0.045774302152909646,0.04203168911937616,0.03245679805324952,0.04800246748262541,0.09513481234227507,0.0462456195768153,0.0633280402605945,0.013248323271254853,0.03775612154092278
2501370,0.056792604846937066,0.026889094872035002,0.05615733926630163,0.06086431512679486,0.04185899400984891,0.05780149696049771,0.02209091495238961,0.06857023904480797,0.07512716316917241,0.09356351321944682,0.027153444011924224,0.041213246985045145,0.040163437473051344,0.04605458682496027,0.040285580465050305,0.07236205748079787,0.06401808707349131,0.05472667267729098,0.01400127981114637,0.04030593172901021
2560319,0.06448631407671612,0.023711568933916113,0.0584901793984885,0.03445054141276713,0.024072080783930225,0.06942270531260222,0.023293267751322785,0.05715986916868934,0.044167497532970355,0.10513296702795659,0.030701464825696165,0.0523178291236381,0.05433173559481305,0.043023252078185976,0.05254167719942116,0.09101694695688295,0.074234340209691,0.06693309880965334,0.010342159066797103,0.02017050473586179
2560525,0.0656154239830424,0.01427028685598535,0.04931150284938079,0.05003777926238812,0.030210506481687154,0.051102058345316295,0.015727281010862276,0.08659500010731518,0.046583246823500006,0.10910013601084745,0.025260841745668172,0.05169245010198224,0.060162971960292785,0.04735833570530187,0.03957471404881345,0.0850939729762308,0.06223765217502545,0.05624804082866822,0.005514724709810687,0.048303074017881295
2560526,0.05272725090284968,0.015612572225080905,0.05266645887795292,0.042011711597740274,0.03850260408142668,0.0427322994767409,0.01861576479117087,0.09153788339955597,0.06342986971885915,0.09679176206225669,0.0320071391198957,0.07080938147639552,0.04429254563418102,0.04934848069393464,0.04926130269467407,0.0738144563232372,0.06275183829044076,0.04793133407239785,0.007419676646723846,0.04773566791448532
2560580,0.06407647935734452,0.017970299250487355,0.05092392589350598,0.06782380816752433,0.031882852881172374,0.05977989638873103,0.011997064495918225,0.07676275571708305,0.047515585758834473,0.09271958214899728,0.02684961587557798,0.04558636980733683,0.0586298798798818,0.047651860632404584,0.042846343017874,0.07445439979344887,0.0784926700328279,0.06787700151769183,0.008295965740324403,0.02786364364303316
2560602,0.062414010138259916,0.022810826552081873,0.04192041964973431,0.04399136336037154,0.03378592269748085,0.06289897970589012,0.021073784000878178,0.08118131045898565,0.04100904639594468,0.08619982383612321,0.02637324081479031,0.05549654636576365,0.056792621104970936,0.05878513910574433,0.06706583864331792,0.08076182431076764,0.05609489646072005,0.058114834308819856,0.01091017087858547,0.03231940121076948
2560766,0.08435588359411682,0.01644481421125787,0.045748421042147866,0.045002681065946695,0.028226702053896657,0.06805410136457643,0.019062081358649334,0.06844515991045987,0.049670862682780696,0.09381507082165048,0.026853557659209912,0.04594056591282539,0.06018655827384136,0.0383007046291749,0.06460661608796425,0.07330666440888804,0.07204639641120913,0.05820860507424973,0.009644205757809636,0.03208034767934495
2560773,0.06846107220042674,0.026308244227288526,0.04718331295087458,0.06840083766248002,0.03852236046142276,0.06454004200623407,0.01655245365119673,0.07588374186235564,0.04400734321148015,0.10458693593646297,0.02320766357449409,0.0457828842465807,0.061063599651995454,0.04072272480314765,0.04719771803281343,0.08099892777638334,0.05133990307185329,0.06723325532216305,0.008714655714003464,0.019292323636343332
2560808,0.07228126350004761,0.021071684934420493,0.044761157129740166,0.042209301683067885,0.03351966271149256,0.06022569544799438,0.015266378949478724,0.08050878446056724,0.04652128388028423,0.09823071453083766,0.025466744934712137,0.05238989453089021,0.0571554344537143,0.05442718858163547,0.05307490683296121,0.07908865250523305,0.06706121788564924,0.057468826841182284,0.009441618543146475,0.029829587662944666
273350,0.05393114130144653,0.021844981906302907,0.05119645377683488,0.06023857117772422,0.05620604509834318,0.05397209282734416,0.019660108944967444,0.09156136334348307,0.08292882336520717,0.09061572696302274,0.024669700266475747,0.057790253641128164,0.03129388607443543,0.03613006365624433,0.03579107237290288,0.059765200893895566,0.06602415744416783,0.052448778710284805,0.012350043105071068,0.04158153513071789
2747210,0.07581429272326817,0.015175549234961299,0.05697774909417716,0.060268710939248904,0.04603225468394308,0.07091003065292491,0.021451051090603936,0.04963796664220936,0.041262519812312985,0.1006978251992484,0.026003455113470793,0.03282827000369562,0.05146234545393997,0.036097864210657,0.06981373167680052,0.0642757136731642,0.05209059205459385,0.08044626058499281,0.0156458932101376,0.03310792394564943
2748762,0.0719827780183589,0.016983711151411965,0.05071982452389233,0.06021237132395737,0.048134844021516104,0.06481390170394248,0.02528908130267332,0.05202886784942051,0.03881789999194783,0.09344832557482746,0.0244477511985063,0.03264142337439387,0.0525005700003942,0.04213023831845054,0.07381269584174845,0.062442585885418726,0.06527491533996886,0.08014896208573985,0.013786404775801038,0.030382847717629887
277944,0.04619211434736665,0.026029412822466298,0.0574120957923064,0.040067916839902976,0.0653762386958859,0.0497722478619259,0.0157197075840644,0.049573088923327416,0.0493180040927347,0.10697867235564358,0.03123206434047803,0.05706772945443557,0.04037183929816612,0.02791590552096832,0.03452308709805186,0.07176614365166938,0.06759614015433767,0.10265746964686152,0.013123385341403084,0.047306736178004204
28875,0.05533850524669675,0.013724410475519777,0.060956983517497336,0.056750116962213465,0.04339512248907737,0.03458549662815531,0.014159525809271989,0.07687102917088001,0.07027526451374484,0.09311339052533044,0.03149625541864397,0.06837639337898536,0.033465778146788,0.04002375958333181,0.045067265840341215,0.08001739572595346,0.06546310896224773,0.060299540002746906,0.010986064788396659,0.045634592814177546
28876,0.05769293535765203,0.017247235846171893,0.06325110857846901,0.05849963047274412,0.04225794458127028,0.03953592336427867,0.021300868665132228,0.07669056669052572,0.0662833062641767,0.08723904903851158,0.029938132016785097,0.06235473556526414,0.032746289965134054,0.04242902575995696,0.05354918651601712,0.08721320151380901,0.06096826773146823,0.05596323772898568,0.00915246558181278,0.03568688876183465
290028,0.046286269647532886,0.0324157714913168,0.04900742373644059,0.029217427931143073,0.07286881284928935,0.05411215558453111,0.01887522166683406,0.06600769734847513,0.049919021946943296,0.09825293335955575,0.01879397228849945,0.060071003790178046,0.038776202788208994,0.030459342180024485,0.03497153393236124,0.09104389026828988,0.05522640540700952,0.08060044949278163,0.015622321450846428,0.05747214283973828
312185,0.07611432985708769,0.01907686365392043,0.0580030899961375,0.03433371958285052,0.025878717651602934,0.049161838547701814,0.021587485515643108,0.03989185013518733,0.031243723445345692,0.10345307068366164,0.02753186558516802,0.04182309772112785,0.08418308227114717,0.04182309772112785,0.048196214754731556,0.11592120509849363,0.06707995365005794,0.07881807647740441,0.00656624179219776,0.029312475859405177
332097,0.09106115053726638,0.02885418109017529,0.048199420670864725,0.057421535841641,0.03400524325401578,0.05621464400296374,0.025693861035352473,0.05174813960758707,0.06425931454629791,0.08222408025822052,0.02233742658571315,0.04312254773648816,0.057472970293901894,0.03270902058522023,0.05337325315821434,0.06004890846336996,0.07253939252238688,0.07485543356428496,0.008957022568004132,0.034902453678031374
33743,0.08343091334894613,0.01990632318501171,0.04566744730679157,0.06469555035128806,0.02810304449648712,0.09836065573770492,0.023711943793911006,0.03747072599531616,0.043911007025761124,0.09718969555035128,0.03044496487119438,0.026053864168618268,0.040983606557377046,0.026346604215456676,0.07494145199063232,0.05620608899297424,0.06440281030444965,0.08782201405152225,0.028688524590163935,0.021662763466042154
338079,0.04522321367908247,0.010866977990899584,0.03540132049475608,0.08002519439019112,0.034145460931736454,0.07351653182187644,0.02852731559599072,0.05894154021361205,0.06794186977539848,0.08794780872906595,0.025462416801268317,0.0365026525243558,0.05935840302623077,0.054260757144135766,0.06782753457855188,0.08077384641951058,0.04809930827642021,0.050991544981656284,0.02303289077026848,0.031153411854992562
338478,0.05900882757353893,0.02218095567552152,0.049426831808944034,0.06751971287224873,0.02713614159714435,0.06297132080724906,0.02676144286067152,0.046673123215909135,0.05195197020181402,0.08693964678497819,0.02148235941830735,0.04933064516375757,0.07926186105251157,0.05349989440517187,0.05382480962338639,0.06663441005856831,0.05478954021012009,0.05079026616145094,0.021895259646641768,0.04792098086206468
351073,0.0790615542384065,0.014632796896401169,0.06370405994458622,0.04066059458898784,0.03525241442165112,0.05790764659057597,0.0198775608567033,0.05571141733996785,0.03581952561491544,0.09668904068528578,0.03375491725150122,0.04203355833166163,0.05302039440040944,0.04610305357465928,0.05893517911745503,0.08164161334966792,0.06350651282209213,0.07422973987579172,0.015434143809076994,0.03202427629020348
35310,0.050139897309998266,0.021769784355995542,0.05549108218856352,0.0663921650944543,0.05571851124515867,0.04901213500003768,0.01957142015771993,0.08819778729063964,0.08934387820466795,0.08792750304327342,0.025076682511185677,0.06664552524504361,0.03422540013215645,0.026804897185200228,0.04158880402363179,0.06263633541468522,0.05877246844116629,0.044209749461085364,0.01385942297416068,0.04261655072117578
35612,0.08618921906706274,0.010957486368553267,0.0717908114859838,0.042214420906514914,0.045037961262903076,0.06202945944668296,0.02478578613423572,0.05052259461749664,0.05442125537478041,0.09349022421325147,0.01843577805737127,0.06300712660048947,0.04517080609129562,0.03149911407288087,0.05676051250043292,0.06975872800634418,0.06446306041621006,0.05113987435483044,0.00983810121132743,0.04848767981135276
36427,0.051402232100421746,0.018152739248861065,0.05741343853857384,0.05991904113479814,0.0423164284524555,0.03924199167603386,0.019969406477763015,0.08768423146929318,0.06983301336251242,0.07681684133395868,0.03321984821957194,0.07953338444959575,0.027019820568817257,0.032251819470884874,0.04464808337135089,0.08088112502315997,0.0669814371321618,0.055860913573105145,0.011474566741356993,0.04537963765532394
37124,0.08278080895410786,0.03259212309561641,0.045777253325856,0.05582832897155497,0.029822685920802568,0.057787721593918435,0.028977591363678848,0.04610779434215036,0.059597178085179295,0.07639245879677228,0.02477305121974016,0.04026564009097423,0.06379733697853382,0.03884806212418606,0.05341572031654049,0.06306615493659844,0.07209591239056609,0.08056194893603763,0.01107239383743029,0.03643983471975574
38525,0.07274204705234086,0.030264971973393548,0.04782281025728075,0.06137791741570282,0.02129256657649962,0.06060507681261963,0.013044844354421834,0.06251288727584499,0.06326183147856454,0.09397135093091606,0.025596082354742127,0.053875137404074167,0.04052431245827439,0.03368019507420575,0.04949228294944068,0.08444006512031091,0.07958256997041971,0.06524684854133797,0.008792942244980378,0.031873259754629304
38767,0.051085893906730406,0.0193946975495682,0.05915681277248509,0.06834754112989251,0.042197126380475194,0.05839949009437302,0.023137769650677768,0.0672676328994221,0.05913863110724432,0.09007278565725038,0.025690244551604548,0.043216080943163725,0.051069954298214905,0.03496654968137449,0.05744095911070877,0.09145604096001643,0.048172294041317176,0.06281890755666389,0.016246410172892148,0.030724177535924907
38837,0.07839669908635426,0.01768346595932803,0.044503389330975536,0.05688181550250516,0.029472443265546714,0.0842911877394636,0.024167403477748307,0.04921898025346301,0.05717653993516063,0.09048040082522842,0.03595638078396699,0.0394930739758326,0.038314176245210725,0.025346301208370173,0.05511346890657236,0.06660772178013558,0.06690244621279104,0.0878278809313292,0.028293545534924844,0.023872679045092837
40053,0.08517780503991355,0.012950501320022534,0.07066105282301953,0.06732233812069154,0.027089501274911318,0.06527044280824452,0.022782789188701778,0.06529432208451183,0.06054198154820039,0.08540998683653195,0.02988905669139708,0.03491255568224616,0.036733313620686686,0.02461545446333526,0.07291760540791549,0.061006366785989426,0.058715495831070254,0.0755745191961322,0.009781185116854857,0.03335372615962371
40057,0.08084852415113905,0.009876088763943459,0.05932403296680879,0.06621004296915414,0.036350891056125476,0.06661521359472652,0.02216094839841088,0.057408839309976166,0.05544025396268273,0.0886413076788626,0.03203447243702433,0.03773608583787407,0.04486518739166011,0.03345801638923024,0.06883046291815789,0.06470017853841217,0.05590142844659942,0.07474605059887646,0.013442714924641663,0.03140925966569384
40058,0.075177334987043,0.009678249994515619,0.05941214178095998,0.06756437585604444,0.03798179721835083,0.06687073301718358,0.02228234607982211,0.06301026852064698,0.052357025793614266,0.08786363485022212,0.03545949954917275,0.03832597307143039,0.04213212503326833,0.036638081354228955,0.07235320947389359,0.0574220098014492,0.05795897218088403,0.07210873034086615,0.012856576427269655,0.03254691466913405
44024,0.07917888563049853,0.020527859237536656,0.04222873900293255,0.06744868035190615,0.032551319648093845,0.09032258064516129,0.021114369501466276,0.050146627565982406,0.06099706744868035,0.093841642228739,0.03225806451612903,0.03284457478005865,0.040175953079178886,0.022287390029325515,0.06304985337243402,0.06510263929618769,0.05835777126099707,0.07741935483870968,0.025513196480938416,0.02463343108504399
45219,0.04005695354033412,0.02508304426446945,0.05453138308946448,0.05939448266330551,0.04891231973550811,0.06014484713250871,0.02703990702026057,0.05254238779411354,0.06832979375606009,0.12291355397198674,0.023783236146206903,0.055608981972454,0.03859301094394303,0.03387964637166576,0.04991670589407008,0.08145218554012101,0.05184681365550966,0.06689201514295756,0.013989398458845906,0.025089332906214772
463676,0.05643656716417911,0.020988805970149255,0.06436567164179105,0.037779850746268655,0.03591417910447761,0.06576492537313433,0.026119402985074626,0.06996268656716417,0.0625,0.08815298507462686,0.02332089552238806,0.05177238805970149,0.060167910447761194,0.04291044776119403,0.03451492537313433,0.06110074626865672,0.07882462686567164,0.06436567164179105,0.013526119402985074,0.04151119402985075
46919,0.04037119614357704,0.025079571586022063,0.05394952534449645,0.05574893815854526,0.04474807575329409,0.05560160283377691,0.02621236656134732,0.07180748738589295,0.070622095934801,0.11276453901898142,0.02600500080625977,0.05562654233768501,0.03580900318086775,0.035963602826326324,0.04500217064820625,0.0896388102586045,0.05202788634344963,0.06256189307665004,0.015379780947469647,0.0250799108537466
47000,0.07339857651245552,0.016903914590747332,0.05871886120996441,0.046263345195729534,0.05693950177935943,0.06316725978647687,0.02179715302491103,0.04092526690391459,0.060498220640569395,0.09386120996441281,0.02224199288256228,0.03291814946619217,0.06227758007117438,0.0400355871886121,0.037811387900355875,0.07562277580071175,0.06806049822064057,0.08140569395017794,0.014234875444839857,0.03291814946619217
48543,0.08357477419137209,0.02696314048735458,0.05082947790485698,0.05545118481867306,0.03974154472104279,0.050839064641771285,0.024465772372265614,0.054844485734699355,0.06400302484081256,0.07565003979252018,0.024303061742342025,0.03839744006839535,0.06427124204766516,0.03739776502050387,0.05261873463029785,0.06329993676550058,0.07740250363406313,0.07209603178198973,0.009299140979914085,0.03455163382395975
499556,0.04156370187748101,0.022870397780286943,0.05638041496221979,0.05752667636089703,0.043239732434695366,0.052484753929516424,0.02520621107762247,0.05654754737250552,0.07443784599543606,0.12946055543691737,0.026550623084828282,0.05850012652370128,0.03701600155408899,0.036882986497839575,0.04563978883400275,0.07934563447764466,0.0552199675997026,0.06260745812108112,0.014153800108465125,0.024365775971067632
55097,0.05057002628697247,0.03635134972145474,0.05184386688650712,0.05590565479995993,0.03364267090097506,0.07549994429828347,0.02480852076533099,0.0518522603446889,0.05925930866550015,0.12438852646100468,0.02882133639786493,0.04555406073663014,0.040523976716275015,0.030843770172517222,0.05781252279308536,0.07737198140092384,0.049364717236979716,0.054068186276319465,0.02771563083884992,0.023801688299876854
565995,0.06323847693356417,0.016344152481733074,0.053472017130932754,0.051555900035546005,0.042537974321021445,0.06250016324719879,0.02835104973376209,0.06197834616421871,0.044622166259703194,0.09393656206352023,0.02081655842316606,0.04339648876741102,0.05974210177594186,0.04790057273625454,0.053017279186692405,0.07960971250817522,0.07174785243074307,0.06154469274104883,0.018210001207835842,0.025477931851530647
57482,0.054543918690049466,0.020451910252846,0.06203908831143754,0.06269269053688563,0.04111317810188355,0.0611091766744102,0.020320544220538632,0.06269280026026258,0.06569683605495939,0.08903665281334691,0.031233383495754507,0.04327378447881248,0.05098316319335935,0.03390371693175435,0.05308486188117556,0.08837996492344473,0.05126252231855305,0.059203237784960415,0.016012399284607993,0.03296616979095762
57483,0.0538404124132561,0.0192486790739203,0.05840308283437047,0.06700123003219402,0.04340891943173694,0.06257708058058627,0.021662410156871908,0.06261514895746677,0.06340877376823055,0.08908753010794777,0.026185143072569583,0.042905996169496974,0.04992997071785725,0.03642398827183616,0.05327788493083874,0.08617053774416575,0.05146673589708535,0.06481870548883323,0.015347458484142967,0.03222031186659289
59300,0.09018633342570752,0.02871024565046378,0.05369174064209773,0.056039984513629154,0.03242740572140195,0.055041975260133234,0.026299742609556545,0.04651939423316868,0.06110816210579381,0.07905305125184436,0.02520594892872712,0.036931910069904435,0.06155724655298534,0.03447699275256231,0.056659716406857207,0.059712430947361346,0.07360428274701965,0.07795829809481873,0.009194581153404465,0.03562055693256263
59301,0.09336751146513234,0.02812019074659768,0.05082698009036584,0.054268781833450096,0.03239195952595811,0.05164174989619493,0.030340756147662778,0.04660448033334017,0.057241217549531105,0.08089348230936655,0.025944111132708825,0.035545813243127417,0.056557288339680344,0.034390816258564584,0.05867466358256194,0.061215737940044236,0.07602878737837579,0.07890386617501356,0.009121266479904105,0.03792053957241958
59302,0.07169872877648881,0.021449035766530476,0.0455015062576139,0.06314967567895864,0.0904099383927923,0.047104800530383927,0.02125779053564999,0.057327020719413584,0.07054716950286116,0.0786460510062446,0.025928964573721965,0.06507931199950931,0.05151920861278544,0.03991208835905394,0.0464517240972786,0.049542147543254526,0.050196039353424676,0.07190665884579064,0.006676561407991803,0.025695578040251757
59304,0.07296704162112758,0.02329311607967304,0.04640482325665377,0.04267332745995834,0.03893842155775078,0.04106398533755914,0.02640988516037504,0.041550406282477616,0.1890429180435294,0.06624803558117993,0.03129204132724136,0.03838801661542153,0.0467025445565845,0.02611610683062463,0.048061118710510775,0.051982133646979775,0.06170903105496541,0.06266956408283758,0.01480986293372968,0.02967761986082009
59563,0.08674065420560748,0.018983644859813083,0.04293224299065421,0.056950934579439255,0.03212616822429906,0.08498831775700935,0.02044392523364486,0.053738317757009345,0.05286214953271028,0.08703271028037383,0.03533878504672897,0.037675233644859814,0.04351635514018692,0.027745327102803738,0.05957943925233645,0.057535046728971966,0.07768691588785047,0.071553738317757,0.027745327102803738,0.024824766355140186
60875,0.08404813238946729,0.029591542246408784,0.04847950195587794,0.06171502334105741,0.032090367955027406,0.052604674066301656,0.027836996649821925,0.04867575877094967,0.06574730563720323,0.08455480569323626,0.021106550707002972,0.040124225465985625,0.05803730129116256,0.031463372731667355,0.053657251967362964,0.06383253176280687,0.07225449977923142,0.07844400300230765,0.009000382908402191,0.036735771678718776
60876,0.08928557315985865,0.03080928231552244,0.052884267968163694,0.05980449242696161,0.0338119950074157,0.055761065199577714,0.029294902404184465,0.04595101994397443,0.057645354347754175,0.0852913599029602,0.02377064151276269,0.035551002361066814,0.05841088192413204,0.029532553411888946,0.06034894939464124,0.06033813711655062,0.06751547327313924,0.07930338065916649,0.009426104935141075,0.035263562735137775
60877,0.08480604248329508,0.028595018257883898,0.04835337264909249,0.061735498627494924,0.03093749970528431,0.0523260572849669,0.02820537770806979,0.04821522134637266,0.06380321615682044,0.08603540877868067,0.021615661945008652,0.04063657133620138,0.05849050121061603,0.028618457104597695,0.054318249559746394,0.0665202074828768,0.07585968566800749,0.07511722116059788,0.009084293879718831,0.03672643765466766
611707,0.052049529118093206,0.02548727338663583,0.05139494062990104,0.06241190804278876,0.0572777009576203,0.045511029737497787,0.02121857193005791,0.08489447436282342,0.0802088248281684,0.0960737956216459,0.025857669440133898,0.048999494535342754,0.039607148118240364,0.030672267994140284,0.043187637386555316,0.07572784270852036,0.057769435740156416,0.049857889733341244,0.00909292452853209,0.04269964119980471
63330,0.051711772513838475,0.019700307095915477,0.06090953422264781,0.0492905341975509,0.027864337007614173,0.055708075080830984,0.01261663361751565,0.08973630410546561,0.058897874080188116,0.1028791119678326,0.025328788502216686,0.05670257731853047,0.048028376469800946,0.03547990737690893,0.05118403183148258,0.08552708458365099,0.05989720706464493,0.0650659762557523,0.00782923526668691,0.03564233144092542
64285,0.05741343592778929,0.02219591595146493,0.047647232909144716,0.05682154483575022,0.036401302160402486,0.08197691624741048,0.022491861497484462,0.05978100029594555,0.06510802012429713,0.09292690145013317,0.03788102989050015,0.03817697543651968,0.03817697543651968,0.02959455460195324,0.048239124001183784,0.06747558449245339,0.063924237940219,0.07605800532701983,0.030186445693992304,0.027522935779816515
64286,0.052932682974179766,0.029132692681032808,0.044566589011842364,0.0910381479324403,0.03568481848184818,0.06480537759658318,0.010483401281304601,0.04631382255872646,0.027373325567850902,0.11863594447680062,0.016598718695398952,0.03888807998446903,0.05294481654047758,0.034083187730537756,0.07253445932828577,0.05935133954571928,0.056214812657736354,0.10064793244030285,0.013686662783925451,0.034083187730537756
64290,0.07297139521307647,0.01780502043199066,0.04553415061295972,0.06071220081727963,0.03152364273204904,0.0893169877408056,0.021015761821366025,0.05195563339171045,0.057209573847051956,0.0893169877408056,0.03765323992994746,0.03794512551079977,0.04407472270869819,0.025394045534150613,0.060128429655575015,0.056333917104495035,0.07151196730881494,0.07705779334500876,0.028021015761821366,0.024518388791593695
64292,0.07732710825795155,0.01779982491975489,0.044353662095126936,0.0592354829296761,0.031514444120221766,0.08812372337321273,0.020134228187919462,0.05281587394222352,0.05806828129559381,0.08812372337321273,0.03793405310767435,0.03705865188211264,0.04377006127808579,0.0259702363583309,0.05952728333819667,0.05748468047855267,0.06915669681937554,0.07820250948351327,0.028304639626495477,0.025094835132769187
64293,0.07766423357664233,0.01635036496350365,0.043795620437956206,0.06072992700729927,0.032116788321167884,0.08905109489051095,0.01956204379562044,0.049927007299270076,0.05693430656934306,0.08817518248175182,0.03795620437956204,0.03678832116788321,0.04321167883211679,0.027737226277372264,0.058686131386861316,0.06072992700729927,0.06773722627737226,0.08029197080291971,0.02802919708029197,0.024525547445255473
64296,0.07556600999705969,0.01822993237283152,0.0455748309320788,0.05557189062040576,0.03087327256689209,0.0893854748603352,0.02469861805351367,0.05292561011467216,0.056159952955013234,0.08644516318729785,0.04028226992061158,0.0344016465745369,0.038812114084092915,0.026168773890032342,0.057042046456924435,0.06204057630108792,0.06262863863569539,0.08909144369303146,0.027050867391943546,0.027050867391943546
64297,0.07544945475979958,0.016799292661361626,0.04597701149425287,0.05776598880047156,0.03300913645741232,0.08517536103743001,0.023872679045092837,0.05658709106984969,0.060418508694370765,0.0869437076333628,0.032419687592101384,0.0394930739758326,0.03772472737989979,0.025346301208370173,0.05363984674329502,0.06395520188623637,0.06690244621279104,0.08664898320070734,0.027998821102269377,0.023872679045092837
64303,0.08836395450568679,0.018664333624963548,0.04461942257217848,0.06153397491980169,0.034412365121026536,0.0863225430154564,0.02216389617964421,0.05074365704286964,0.06036745406824147,0.08923884514435695,0.033245844269466314,0.035287255759696705,0.045494313210848646,0.026538349372995044,0.05861767279090114,0.05890930300379119,0.06065908428113152,0.07699037620297462,0.025955088947214933,0.021872265966754154
64305,0.07966151152611614,0.016049022468631456,0.04318646046104464,0.06186168660636125,0.031222643711701196,0.085205719288007,0.022176831047563468,0.04960606944849723,0.059819083746717246,0.08899912459877443,0.038225853516194924,0.03647505106507149,0.0426028596440035,0.025094835132769187,0.058360081704114386,0.06011088415523782,0.06944849722789612,0.08053691275167785,0.026845637583892617,0.02451123431572804
64307,0.07581967213114754,0.020491803278688523,0.04566744730679157,0.06352459016393443,0.029859484777517563,0.0977751756440281,0.022833723653395786,0.04478922716627635,0.0430327868852459,0.09514051522248243,0.03834894613583138,0.025468384074941453,0.04069086651053864,0.026053864168618268,0.0743559718969555,0.05503512880562061,0.06440281030444965,0.08489461358313817,0.03015222482435597,0.021662763466042154
64320,0.07355663640651054,0.023894426089817362,0.04049908630850646,0.04188459158682436,0.04270259772836914,0.10607754823712172,0.017431443643909975,0.0384226099040468,0.04515171716273162,0.07974782413811508,0.026603315196142056,0.023114661430047007,0.07702753574947806,0.015963300117003348,0.06586100042557139,0.1139738803426012,0.062040197138064204,0.05883277086960715,0.028112122347683993,0.019102735177848534
649188,0.07220119300063867,0.025720615910160165,0.05173288986922979,0.04909831838199809,0.04613887260038077,0.09579596162427487,0.020236766723562803,0.05002420642767258,0.056140734414738755,0.11279643190759644,0.02733677683758994,0.03786424702772607,0.04913168898949884,0.0298095759760415,0.06489081680428561,0.08429336947866926,0.04054107867046378,0.05405425891454897,0.013208792536681342,0.018983403904241754
67605,0.04807692307692308,0.04567307692307692,0.04807692307692308,0.02403846153846154,0.07932692307692307,0.04326923076923077,0.016826923076923076,0.055288461538461536,0.03365384615384615,0.08413461538461539,0.021634615384615384,0.0673076923076923,0.057692307692307696,0.026442307692307692,0.021634615384615384,0.11538461538461539,0.06490384615384616,0.07932692307692307,0.007211538461538462,0.06009615384615385
693997,0.06725292171964715,0.024341897443211052,0.053257526972505145,0.046446156546522774,0.05167566933812125,0.06101418335270343,0.01902900933007538,0.06176807180841865,0.05983024340400354,0.09331303944403135,0.022337493416889474,0.052784845201858534,0.02804204904020038,0.029556852485893872,0.03705431085610323,0.07504645013744148,0.06398288611970646,0.09207502627843324,0.013552201953598112,0.04763916515063552
694003,0.05973092890479063,0.02941068622472377,0.05460870136855127,0.0344454915169751,0.05997905927751561,0.06504899351916357,0.013207740673588176,0.066998347759688,0.04907474657211487,0.07984851043372723,0.027271128031387443,0.05458088822241637,0.04034689230205549,0.03248915154288283,0.033949016603334235,0.06601725981469223,0.07334238937537894,0.08461400735248374,0.016115695123114948,0.05892036538141554
694009,0.06701794652421653,0.022369920811418517,0.04920282009174412,0.04259336334861128,0.05164032971634997,0.05360794611262667,0.015822206793495136,0.06839975551645616,0.047346704060137496,0.10746322698575973,0.02377936905058209,0.053765034257695514,0.04277288505252358,0.03572193245701476,0.04287247316555,0.06699510421199771,0.06897927798067585,0.08209913896068277,0.013640608445198802,0.04390995645726331
72149,0.09247842170160296,0.012741471434443074,0.04767776407727086,0.03822441430332922,0.041512535963830664,0.06411837237977805,0.02466091245376079,0.04726674886970818,0.029593094944512947,0.09083436087135224,0.014796547472256474,0.04110152075626798,0.09042334566378955,0.03986847513357994,0.04315659679408138,0.08631319358816276,0.07727085902178381,0.0632963419646527,0.02013974517057131,0.0345252774352651
77763,0.059712407975648925,0.01375999402435135,0.057819617141819615,0.058466832431547926,0.03656348939818835,0.05442405721735581,0.027486476752425736,0.07107702047986621,0.06266242145032,0.0925674621193299,0.02578247406712296,0.06466097755572807,0.03391545541499951,0.032127869648983315,0.04285815019645318,0.08169910411907791,0.05356953141920294,0.08156262490460123,0.010407869060940728,0.03887616462203635
90961,0.04467648848631968,0.02066987317732104,0.05849771942721297,0.0689723276649791,0.04005656508337739,0.05767135104771649,0.023696877986848195,0.07464548306157046,0.06187872793284908,0.09434036277084937,0.02764834446512699,0.044899046262502074,0.051006140040400216,0.03392694739516984,0.053879833947361254,0.09283343483542092,0.05149017603089103,0.051720590307482064,0.015919927749619905,0.03156978232698193
95342,0.10725476336167789,0.00788091068301226,0.04253792754204207,0.04089211486928449,0.037993480049796385,0.07982191462874264,0.022827738273584704,0.04040153609182791,0.026987107800730062,0.08376236997024877,0.024911379317620747,0.04582164032663051,0.06399943029561328,0.05688867554280168,0.06416559407507438,0.07303557487392653,0.06700356592745764,0.07834226573544617,0.014780663811111346,0.020691346823370538
