P13051	P13051
P51522	P51522
P05186	P05186
Q9P1Z2	Q9P1Z2
P25445	P25445
Q969X2	Q969X2
Q53H82	Q53H82
Q96EV2	Q96EV2
P05156	P05156
Q8IY26	Q8IY26
Q16222	Q16222
O94763	O94763
Q16775	Q16775
Q14566	Q14566
Q9BVG9	Q9BVG9
P00167	P00167
P00167	O43169
Q8N4C6	Q8N4C6
Q6NZY4	Q6NZY4
P10589	P10589
Q13323	Q13323
P26374	P26374
Q96K49	Q96K49
Q96K49	Q8NBN3
P52732	P52732
Q9BUP0	Q9BUP0
Q9BUP0	Q96C19
P13674	P13674
P13674	O15460
Q9UGN4	Q9UGN4
Q96C12	Q96C12
Q9Y2B1	Q9Y2B1
P62888	P62888
Q15390	Q15390
P48788	P48788
P48788	P19237
P48788	P19429
P67870	P67870
Q01955	Q01955
Q01955	P29400
Q01955	P08572
Q9Y3B7	Q9Y3B7
Q92890	Q92890
Q14CM0	Q14CM0
Q7L014	Q7L014
Q13439	Q13439
Q01664	Q01664
Q9UKN8	Q9UKN8
P07858	P07858
Q9Y3B4	Q9Y3B4
Q8N6L0	Q8N6L0
P26358	P26358
P47869	P47869
P47869	P34903
P47869	P31644
Q9Y289	Q9Y289
Q9NZW5	Q9NZW5
Q9NZW5	Q14168
Q9GZQ3	Q9GZQ3
Q15836	Q15836
Q9UNX3	Q9UNX3
Q9UNX3	P61254
Q96D09	Q96D09
O00268	O00268
Q9BRP1	Q9BRP1
Q9BY27	Q9BY27
Q7L1V2	Q7L1V2
P0CG48	P0CG48
Q8N2U9	Q8N2U9
Q9BST9	Q9BST9
P0CAP1	P0CAP1
Q9Y6A1	Q9Y6A1
Q96T76	Q96T76
P13591	P13591
Q9Y2Z4	Q9Y2Z4
O43583	O43583
O60779	O60779
Q9P2E3	Q9P2E3
O43143	O43143
Q9UBQ5	Q9UBQ5
Q1W4C9	Q1W4C9
Q6UWN8	Q6UWN8
Q9NYL9	Q9NYL9
A1KXE4	A1KXE4
Q96AM1	Q96AM1
P21589	P21589
P43005	P43005
P43005	P43003
P43005	Q15758
O95674	O95674
Q96CV9	Q96CV9
Q9H7D7	Q9H7D7
Q5JRX3	Q5JRX3
Q9BVK8	Q9BVK8
P11310	P11310
P61218	P61218
Q14974	Q14974
O95754	O95754
Q6F5E8	Q6F5E8
O75787	O75787
P48167	P48167
Q8IZ52	Q8IZ52
Q9NZJ7	Q9NZJ7
O75506	O75506
Q86VK4	Q86VK4
P11474	P11474
P11474	P62508
Q658P3	Q658P3
Q8N7H5	Q8N7H5
Q99595	Q99595
Q99595	O60830
Q92615	Q92615
Q8TB72	Q8TB72
Q8TB72	Q14671
Q9Y653	Q9Y653
P61968	P61968
Q9HCK8	Q9HCK8
Q96C00	Q96C00
O75398	O75398
Q16891	Q16891
P49796	P49796
Q15393	Q15393
P01106	P01106
P04181	P04181
Q5JWF2	Q5JWF2
P55265	P55265
Q9NZU0	Q9NZU0
Q96SI9	Q96SI9
Q6ZMP0	Q6ZMP0
A8K8P3	A8K8P3
Q9UNF1	Q9UNF1
P41247	P41247
P55145	P55145
Q5BJD5	Q5BJD5
Q9BTX3	Q9BTX3
Q99720	Q99720
O95295	O95295
A4D1E9	A4D1E9
O60481	O60481
P46063	P46063
O14773	O14773
Q9H5P4	Q9H5P4
Q9HAV7	Q9HAV7
P14866	P14866
O43776	O43776
Q9H8G2	Q9H8G2
Q9H0E2	Q9H0E2
Q9UL03	Q9UL03
Q9BXR0	Q9BXR0
Q9UBF8	Q9UBF8
Q96EU6	Q96EU6
O60888	O60888
P05386	P05386
Q3KP66	Q3KP66
P82933	P82933
O60934	O60934
O43670	O43670
Q9UL18	Q9UL18
Q9UL18	Q9UKV8
Q9UL18	Q9H9G7
Q7L9B9	Q7L9B9
Q8TAF3	Q8TAF3
Q13286	Q13286
P25789	P25789
Q9Y5V3	Q9Y5V3
Q9Y4K4	Q9Y4K4
Q9Y4K4	Q8IVH8
Q8TDW0	Q8TDW0
Q8TDW0	Q8IWT6
Q8TDW0	Q6P9F7
Q8TDW0	Q6NSJ5
Q8TDW0	Q7L1W4
O75051	O75051
O75051	Q9UIW2
P22692	P22692
Q9P2N5	Q9P2N5
Q7Z478	Q7Z478
P01737	P01737
Q92930	Q92930
Q92930	P61026
Q92930	P51153
Q92930	P61006
Q92930	Q15286
Q92930	P59190
Q92930	P61019
Q92930	P61106
Q92930	P62820
Q92930	Q9H0U4
Q92930	P20337
Q92930	O00194
Q92930	P51159
Q92930	P62491
Q92930	Q15907
Q92930	P20339
Q92930	P61020
Q92930	P51148
Q14D33	Q14D33
Q96GC9	Q96GC9
Q6PGP7	Q6PGP7
P78324	P78324
O60488	O60488
O60488	O95573
Q9NPA8	Q9NPA8
Q9H0B3	Q9H0B3
Q9H6E5	Q9H6E5
Q5T8D3	Q5T8D3
O75306	O75306
O15397	O15397
O15397	O95373
Q9BSJ5	Q9BSJ5
Q9Y5P4	Q9Y5P4
Q12824	Q12824
O95267	O95267
Q9P2W1	Q9P2W1
Q9NQT4	Q9NQT4
P09543	P09543
Q9H6S1	Q9H6S1
O15145	O15145
Q9UHV5	Q9UHV5
Q9BUB7	Q9BUB7
Q9NZN8	Q9NZN8
Q96A33	Q96A33
Q15554	Q15554
Q8TF68	Q8TF68
Q9UGQ3	Q9UGQ3
Q12788	Q12788
P53007	P53007
P29323	P29323
P29323	P29317
P29323	P54760
P29323	Q9UF33
P29323	Q15375
P29323	P29320
Q9BQG0	Q9BQG0
P49756	P49756
O00151	O00151
O00151	P50479
Q9NPJ6	Q9NPJ6
Q9P2Y5	Q9P2Y5
Q8IUC6	Q8IUC6
P61964	P61964
Q14152	Q14152
Q8IY81	Q8IY81
O94985	O94985
Q9UBG0	Q9UBG0
Q9Y241	Q9Y241
Q9Y5W7	Q9Y5W7
Q5TFE4	Q5TFE4
Q86W74	Q86W74
Q9Y256	Q9Y256
Q96HA1	Q96HA1
Q9Y5X3	Q9Y5X3
Q9Y5X3	Q9UNH7
P78310	P78310
O75616	O75616
P35251	P35251
P98172	P98172
P98172	P52799
P98172	Q15768
Q8WVX3	Q8WVX3
Q86X83	Q86X83
Q9Y2I7	Q9Y2I7
O60343	O60343
Q00987	Q00987
Q96FQ6	Q96FQ6
O43427	O43427
P46926	P46926
Q92478	Q92478
Q9UM00	Q9UM00
P38398	P38398
Q07812	Q07812
Q9Y2J4	Q9Y2J4
O94812	O94812
Q16864	Q16864
A2RUB1	A2RUB1
Q8NGL6	Q8NGL6
P26639	P26639
P08865	P08865
Q86UT6	Q86UT6
Q15391	Q15391
Q15391	Q9BY21
Q9Y4K3	Q9Y4K3
Q9BTD8	Q9BTD8
Q7Z2T5	Q7Z2T5
Q9BRQ8	Q9BRQ8
P02749	P02749
Q9Y6H6	Q9Y6H6
Q8WVL7	Q8WVL7
Q9NUQ7	Q9NUQ7
Q9UBU6	Q9UBU6
P08574	P08574
Q8NEM2	Q8NEM2
Q969W3	Q969W3
Q5JW98	Q5JW98
Q9BYD1	Q9BYD1
Q9GZM5	Q9GZM5
Q9BY44	Q9BY44
Q9Y305	Q9Y305
Q8N474	Q8N474
P22415	P22415
P22415	Q15853
Q9UHA3	Q9UHA3
Q6P996	Q6P996
Q9BRK5	Q9BRK5
Q9P2H0	Q9P2H0
Q9HBM0	Q9HBM0
Q96FE7	Q96FE7
Q6ZQN7	Q6ZQN7
Q96DZ9	Q96DZ9
O60313	O60313
Q05655	Q05655
Q05655	Q04759
Q05655	P24723
Q05655	Q02156
Q8IUH3	Q8IUH3
Q9NS93	Q9NS93
Q567U6	Q567U6
Q9NYY3	Q9NYY3
O75348	O75348
Q9Y4F4	Q9Y4F4
P42696	P42696
Q96SU4	Q96SU4
O94822	O94822
O75935	O75935
Q9NVP2	Q9NVP2
P04637	P04637
Q8N122	Q8N122
O00213	O00213
O00213	Q92870
Q9Y3E5	Q9Y3E5
O00764	O00764
P14927	P14927
Q9H5Q4	Q9H5Q4
Q8WVT3	Q8WVT3
Q9C086	Q9C086
Q9NQW7	Q9NQW7
P47992	P47992
Q14694	Q14694
O14981	O14981
Q96A65	Q96A65
P04632	P04632
O43709	O43709
Q5SW96	Q5SW96
Q9UKB1	Q9UKB1
Q9UKB1	Q9Y297
Q9P275	Q9P275
Q9Y237	Q9Y237
Q9HBI0	Q9HBI0
P25786	P25786
Q96DT7	Q96DT7
P03973	P03973
P35610	P35610
P10746	P10746
P31025	P31025
P62891	P62891
P48201	P48201
Q9GZV8	Q9GZV8
Q15326	Q15326
Q7Z3C6	Q7Z3C6
O14639	O14639
O60565	O60565
Q14137	Q14137
O14523	O14523
Q96JW4	Q96JW4
Q4G0N8	Q4G0N8
Q9BXL7	Q9BXL7
P62851	P62851
Q96PD2	Q96PD2
P47974	P47974
Q07065	Q07065
Q92831	Q92831
Q92831	Q92830
Q96JH8	Q96JH8
O75110	O75110
Q9NYR9	Q9NYR9
Q9UHY1	Q9UHY1
Q14596	Q14596
P53801	P53801
Q9C0C7	Q9C0C7
Q96EE4	Q96EE4
Q96AA3	Q96AA3
Q96MD7	Q96MD7
Q13951	Q13951
Q96EB1	Q96EB1
Q9NQB0	Q9NQB0
O43278	O43278
Q9BZF9	Q9BZF9
P49450	P49450
Q9P0K7	Q9P0K7
P49662	P49662
P49662	P29466
P03905	P03905
P30520	P30520
P63272	P63272
Q9NW13	Q9NW13
Q9P246	Q9P246
P10636	P10636
P09234	P09234
O15217	O15217
Q15543	Q15543
Q9BSF4	Q9BSF4
Q6IBW4	Q6IBW4
Q9NPE3	Q9NPE3
Q9P0M6	Q9P0M6
Q8NBS9	Q8NBS9
O60896	O60896
Q63ZY3	Q63ZY3
P41134	P41134
Q96CN7	Q96CN7
Q9UBM7	Q9UBM7
Q15582	Q15582
P22362	P22362
P56385	P56385
Q08050	Q08050
Q8TBZ3	Q8TBZ3
Q8TBZ3	Q09019
P49336	P49336
Q9NP58	Q9NP58
P30047	P30047
P09486	P09486
P52655	P52655
Q7Z6G3	Q7Z6G3
P27708	P27708
Q14973	Q14973
O95197	O95197
Q93099	Q93099
Q9HCM4	Q9HCM4
Q6P9B6	Q6P9B6
Q9ULD2	Q9ULD2
Q8N9I9	Q8N9I9
Q9BT09	Q9BT09
O75095	O75095
Q9GZL7	Q9GZL7
O60930	O60930
Q9H2X6	Q9H2X6
Q8IZ81	Q8IZ81
P62753	P62753
Q96PU5	Q96PU5
P08581	P08581
Q8TEW0	Q8TEW0
P59666	P59666
Q6UUV7	Q6UUV7
O00422	O00422
Q96JJ7	Q96JJ7
O95551	O95551
Q8TDX7	Q8TDX7
O94806	O94806
O94806	Q15139
P56381	P56381
Q9BRK3	Q9BRK3
Q2TBE0	Q2TBE0
Q01780	Q01780
P54802	P54802
P62424	P62424
Q8NBP7	Q8NBP7
P08962	P08962
P19474	P19474
P19474	O00635
P19474	Q9C035
P19474	Q96F44
P19474	Q8IYM9
O95905	O95905
Q05048	Q05048
Q96GS4	Q96GS4
Q9P2H3	Q9P2H3
Q15004	Q15004
P51531	P51531
P51531	P51532
P10619	P10619
Q8WXF7	Q8WXF7
Q8WXF7	Q8NHH9
Q659C4	Q659C4
Q659C4	Q6PKG0
P00451	P00451
O95159	O95159
Q9UNP9	Q9UNP9
P29692	P29692
Q8WVP7	Q8WVP7
Q8NE71	Q8NE71
Q9NZS9	Q9NZS9
P62249	P62249
Q10570	Q10570
Q9NXX6	Q9NXX6
Q99538	Q99538
Q12913	Q12913
Q13158	Q13158
Q70IA6	Q70IA6
Q16548	Q16548
Q9Y3P9	Q9Y3P9
A2VDJ0	A2VDJ0
Q8NCE2	Q8NCE2
Q9UHI6	Q9UHI6
P30048	P30048
P30048	Q13162
O15392	O15392
Q96EZ8	Q96EZ8
O15121	O15121
P07307	P07307
Q9NWU1	Q9NWU1
P29353	P29353
P46934	P46934
Q3KQU3	Q3KQU3
Q5JSZ5	Q5JSZ5
Q8NDN9	Q8NDN9
P41219	P41219
P41219	P08670
P41219	P14136
P41219	Q16352
P36383	P36383
Q9UGM5	Q9UGM5
O15503	O15503
Q8TDM6	Q8TDM6
P51970	P51970
Q8NDL9	Q8NDL9
Q9NQ11	Q9NQ11
Q9NQ11	Q9H7F0
Q7L4I2	Q7L4I2
P51809	P51809
P21675	P21675
Q9NVX2	Q9NVX2
O95563	O95563
O00410	O00410
O00410	O60518
Q2NL82	Q2NL82
O00148	O00148
O00148	Q13838
P19440	P19440
P51114	P51114
P51114	P51116
P51114	Q06787
P18846	P18846
Q9Y2S7	Q9Y2S7
O14649	O14649
Q86V81	Q86V81
Q96KQ4	Q96KQ4
P29084	P29084
Q8N511	Q8N511
P35354	P35354
Q96EL3	Q96EL3
P14770	P14770
Q01973	Q01973
Q01973	Q01974
Q9P209	Q9P209
Q6RW13	Q6RW13
P55786	P55786
Q96RG2	Q96RG2
Q7Z7A1	Q7Z7A1
Q969K3	Q969K3
Q6ZVF9	Q6ZVF9
Q13015	Q13015
Q8WVP5	Q8WVP5
Q9BYD2	Q9BYD2
Q13257	Q13257
Q9BV19	Q9BV19
O60841	O60841
Q15788	Q15788
Q8TES7	Q8TES7
Q96EQ0	Q96EQ0
Q96EQ0	O43765
Q6PJW8	Q6PJW8
Q8N2A8	Q8N2A8
O75387	O75387
P23246	P23246
Q9Y4K0	Q9Y4K0
Q8N661	Q8N661
Q9P273	Q9P273
O14545	O14545
Q03188	Q03188
Q7LGA3	Q7LGA3
Q99500	Q99500
O43504	O43504
Q92956	Q92956
Q14157	Q14157
Q14157	Q5T6F2
P31327	P31327
P57088	P57088
Q01968	Q01968
Q9BWS9	Q9BWS9
Q5VWP2	Q5VWP2
Q9NY74	Q9NY74
Q8TCT7	Q8TCT7
Q01658	Q01658
O43175	O43175
Q9Y6J8	Q9Y6J8
Q8TF71	Q8TF71
Q13185	Q13185
Q13185	P45973
Q13185	P83916
Q5JR59	Q5JR59
Q06323	Q06323
Q06323	Q9UL46
Q06323	P61289
P06703	P06703
P78347	P78347
Q9UNL2	Q9UNL2
O95292	O95292
O95292	Q9P0L0
Q9Y6N9	Q9Y6N9
Q9UBF2	Q9UBF2
Q9UBF2	Q9Y678
Q9H7H0	Q9H7H0
O00214	O00214
P57081	P57081
Q96N67	Q96N67
Q96N67	Q8NF50
Q96N67	Q96HP0
O15321	O15321
Q9Y617	Q9Y617
P37173	P37173
P41732	P41732
Q8NEY1	Q8NEY1
Q14790	Q14790
Q8NA61	Q8NA61
Q8IY47	Q8IY47
Q8N0W7	Q8N0W7
Q9NWT1	Q9NWT1
P29965	P29965
P20963	P20963
O95619	O95619
Q15717	Q15717
Q15717	P26378
Q15717	Q14576
Q15717	Q12926
O95983	O95983
Q9ULP9	Q9ULP9
Q15738	Q15738
Q5BKZ1	Q5BKZ1
Q9NWV8	Q9NWV8
Q5W0Z9	Q5W0Z9
Q5W0Z9	Q9UIJ5
O95185	O95185
O95185	Q8IZJ1
P07093	P07093
P07093	P05121
Q86XK2	Q86XK2
P52907	P52907
P52907	P47755
Q9BPX3	Q9BPX3
P52597	P52597
P52597	P55795
P52597	P31943
Q92504	Q92504
B0FP48	B0FP48
Q6UWP7	Q6UWP7
P61201	P61201
Q9NPF2	Q9NPF2
Q9Y2E5	Q9Y2E5
Q5VTT2	Q5VTT2
Q9UK28	Q9UK28
O00559	O00559
P07951	P07951
P07951	P09493
P07951	P67936
P07951	P06753
Q96NW4	Q96NW4
Q12792	Q12792
O43913	O43913
Q12904	Q12904
Q9Y4I1	Q9Y4I1
P52701	P52701
Q96MM3	Q96MM3
Q9NYL2	Q9NYL2
Q7LG56	Q7LG56
Q7LG56	P31350
Q9NRL2	Q9NRL2
P17152	P17152
Q9UL45	Q9UL45
P01024	P01024
Q9BSC4	Q9BSC4
P15328	P15328
Q9P0U4	Q9P0U4
Q9NVV0	Q9NVV0
Q9UBY8	Q9UBY8
Q9C005	Q9C005
Q8N2F6	Q8N2F6
Q8N2F6	Q9UH62
Q13619	Q13619
Q13619	Q13620
P30307	P30307
Q13615	Q13615
P15291	P15291
P32189	P32189
Q9NQ29	Q9NQ29
Q9NQ29	Q9Y383
O43463	O43463
O00165	O00165
P20020	P20020
P20020	P23634
Q9UIA0	Q9UIA0
Q9UIA0	O43739
Q9HCC0	Q9HCC0
P20674	P20674
Q9NRK6	Q9NRK6
P16260	P16260
P40198	P40198
P51649	P51649
Q10713	Q10713
O00232	O00232
Q9NR12	Q9NR12
Q9NVI7	Q9NVI7
Q9NVI7	Q5T9A4
Q8IXQ6	Q8IXQ6
O75177	O75177
Q99942	Q99942
Q99942	Q96GF1
Q96SZ6	Q96SZ6
P38935	P38935
Q7RTY1	Q7RTY1
P05112	P05112
P34949	P34949
Q9Y2Z0	Q9Y2Z0
P40818	P40818
P22314	P22314
P00748	P00748
Q6P1X5	Q6P1X5
Q9UBS4	Q9UBS4
O00463	O00463
O00463	Q13114
O94953	O94953
P63151	P63151
P63151	Q66LE6
Q9GZT3	Q9GZT3
Q8NHS3	Q8NHS3
Q86WV6	Q86WV6
Q99758	Q99758
Q15005	Q15005
P68431	P68431
P68431	Q6NXT2
P68431	Q16695
P68431	Q71DI3
P68431	Q5TEC6
P68431	P84243
Q9H6Y7	Q9H6Y7
Q15181	Q15181
Q15181	Q9H2U2
Q11201	Q11201
Q9Y6K9	Q9Y6K9
Q99941	Q99941
O43396	O43396
Q9UFD9	Q9UFD9
Q9UHV9	Q9UHV9
Q9BU61	Q9BU61
Q8N2A0	Q8N2A0
O43318	O43318
P36776	P36776
Q9UJD0	Q9UJD0
P61956	P61956
P61956	P55854
Q92526	Q92526
Q92526	P40227
P24928	P24928
Q8IWR1	Q8IWR1
P53350	P53350
A6NHR9	A6NHR9
Q5SSJ5	Q5SSJ5
Q96BQ5	Q96BQ5
Q969X5	Q969X5
Q96P20	Q96P20
P43235	P43235
P43235	P07711
P43235	P25774
P43235	P09668
P25787	P25787
O14684	O14684
Q96BP3	Q96BP3
P06702	P06702
Q10469	Q10469
Q9Y5S1	Q9Y5S1
Q99675	Q99675
Q8WVM8	Q8WVM8
Q07021	Q07021
Q00536	Q00536
Q5JTV8	Q5JTV8
Q92538	Q92538
O95810	O95810
Q01518	Q01518
Q01518	P40123
Q14534	Q14534
Q9HAT0	Q9HAT0
Q8NFH5	Q8NFH5
Q96K37	Q96K37
P27986	P27986
P27986	O00459
O14524	O14524
P15153	P15153
P15153	P84095
P15153	P60953
P15153	P63000
P15153	P61586
P15153	Q9HBH0
Q14134	Q14134
Q68CQ4	Q68CQ4
O95299	O95299
P51690	P51690
P51690	P51689
Q9P0S9	Q9P0S9
Q9P0S9	Q9NUH8
O15303	O15303
Q96G97	Q96G97
Q03519	Q03519
Q03519	Q9NP78
Q8TEW8	Q8TEW8
O95834	O95834
Q13761	Q13761
Q13761	Q01196
Q7Z403	Q7Z403
Q9BZ72	Q9BZ72
Q7Z4H7	Q7Z4H7
Q12923	Q12923
Q9H4H8	Q9H4H8
Q9NTJ5	Q9NTJ5
Q09161	Q09161
O43909	O43909
P61916	P61916
P00395	P00395
Q9NXC2	Q9NXC2
O15524	O15524
P23141	P23141
Q9Y3D6	Q9Y3D6
Q9H7D0	Q9H7D0
Q9UHN6	Q9UHN6
Q8N6T7	Q8N6T7
P61626	P61626
Q13423	Q13423
Q15831	Q15831
P78369	P78369
Q4J6C6	Q4J6C6
Q13523	Q13523
P18859	P18859
Q96S97	Q96S97
Q2PZI1	Q2PZI1
Q15276	Q15276
Q9NQ25	Q9NQ25
Q15464	Q15464
Q96JS3	Q96JS3
O75400	O75400
Q9UGH3	Q9UGH3
Q9NVP1	Q9NVP1
O00299	O00299
O00299	Q9Y696
Q15370	Q15370
Q9HDC9	Q9HDC9
P33240	P33240
P11177	P11177
Q13190	Q13190
P08240	P08240
Q96FL8	Q96FL8
Q9H4L4	Q9H4L4
Q7L5N7	Q7L5N7
Q7L5N7	Q643R3
Q7L5N7	Q8NF37
P20700	P20700
P20700	P02545
P20700	Q03252
Q8N4L8	Q8N4L8
P19801	P19801
P19801	Q16853
Q8IWR0	Q8IWR0
Q8IWR0	Q9UGR2
Q96CW1	Q96CW1
Q96RI1	Q96RI1
P0DN79	P0DN79
P0DN79	P35520
P49959	P49959
Q8NDZ4	Q8NDZ4
P08910	P08910
Q8TDD1	Q8TDD1
Q86Y39	Q86Y39
P54725	P54725
P54725	P54727
O15371	O15371
Q01892	Q01892
Q01892	P17947
Q02338	Q02338
P10070	P10070
Q14697	Q14697
O14957	O14957
Q9HAF1	Q9HAF1
O14746	O14746
Q8NFZ4	Q8NFZ4
Q14677	Q14677
Q9NRW3	Q9NRW3
Q9NRW3	Q9GZX7
Q9BY43	Q9BY43
Q9NZ53	Q9NZ53
Q15011	Q15011
Q9Y264	Q9Y264
P49773	P49773
P18545	P18545
O43684	O43684
O00555	O00555
Q5SXM2	Q5SXM2
Q9UJZ1	Q9UJZ1
Q15942	Q15942
O15234	O15234
Q8TEH3	Q8TEH3
O15144	O15144
P12955	P12955
Q13123	Q13123
O14863	O14863
P23771	P23771
P23771	P23769
Q86SK9	Q86SK9
Q86SK9	O00767
B2RXF5	B2RXF5
O60832	O60832
Q8WWP7	Q8WWP7
Q8WY98	Q8WY98
P07099	P07099
Q99700	Q99700
Q99700	Q8WWM7
P62273	P62273
Q92759	Q92759
P05771	P05771
P05771	P05129
P05771	P17252
Q9BWM7	Q9BWM7
Q9BWM7	Q9H9B4
Q96TA1	Q96TA1
Q96SB8	Q96SB8
Q9H204	Q9H204
Q9H8M9	Q9H8M9
Q9H8M9	Q9NVM1
Q49AM3	Q49AM3
Q9ULC3	Q9ULC3
Q9BSD7	Q9BSD7
Q5QP82	Q5QP82
Q9H972	Q9H972
Q68E01	Q68E01
Q99966	Q99966
Q96FX7	Q96FX7
P49005	P49005
P23921	P23921
Q92629	Q92629
Q9NU53	Q9NU53
Q9NVV9	Q9NVV9
Q9P1T7	Q9P1T7
Q13042	Q13042
O15552	O15552
Q9BY32	Q9BY32
P63104	P63104
P63104	P27348
P63104	P31946
P63104	P62258
P63104	P31947
P63104	Q04917
P63104	P61981
Q99497	Q99497
Q92879	Q92879
O95881	O95881
Q86W33	Q86W33
Q9NRS6	Q9NRS6
Q9H2V7	Q9H2V7
O43426	O43426
O95870	O95870
P30530	P30530
Q15014	Q15014
Q7L0Y3	Q7L0Y3
Q9Y5Q3	Q9Y5Q3
Q9Y5Q3	O75444
P28347	P28347
P28347	Q15561
P28347	Q15562
Q16658	Q16658
Q96QK1	Q96QK1
Q9BSW2	Q9BSW2
Q15019	Q15019
Q15019	Q8WYJ6
P43490	P43490
Q7Z739	Q7Z739
Q7Z739	Q9Y5A9
Q7Z739	Q9BYJ9
Q15262	Q15262
Q92520	Q92520
Q92520	P98173
P62913	P62913
P62306	P62306
O76036	O76036
Q9P003	Q9P003
P15104	P15104
Q13464	Q13464
Q9NYF3	Q9NYF3
Q9NXW2	Q9NXW2
Q9NXW2	Q8TBM8
Q12982	Q12982
P62277	P62277
P08575	P08575
Q9UBB4	Q9UBB4
Q9BRT6	Q9BRT6
Q9NXB0	Q9NXB0
Q9NUD5	Q9NUD5
O75131	O75131
O75131	Q96FN4
O75131	Q86YQ8
P49458	P49458
Q96LP2	Q96LP2
Q9Y3Q8	Q9Y3Q8
Q96J01	Q96J01
Q6P9H4	Q6P9H4
Q9Y5Z9	Q9Y5Z9
P78543	P78543
Q99689	Q99689
P29590	P29590
Q9BXG8	Q9BXG8
Q15544	Q15544
Q9P289	Q9P289
Q9P289	Q9Y6E0
Q8N1G4	Q8N1G4
Q9Y5M8	Q9Y5M8
P52298	P52298
P41252	P41252
Q2M389	Q2M389
Q9C0C2	Q9C0C2
Q9UL33	Q9UL33
O60493	O60493
O60493	Q9UMY4
P09012	P09012
P33947	P33947
Q96P11	Q96P11
Q9H159	Q9H159
P56159	P56159
P26045	P26045
P26045	P29074
Q9BRP8	Q9BRP8
Q9NYM9	Q9NYM9
Q9Y2R9	Q9Y2R9
Q9Y2Y4	Q9Y2Y4
Q9NR28	Q9NR28
O15212	O15212
P20618	P20618
O60506	O60506
O60506	O43390
P49366	P49366
Q9NPF5	Q9NPF5
P28290	P28290
Q8N9N5	Q8N9N5
O00339	O00339
P62829	P62829
O75907	O75907
Q5UCC4	Q5UCC4
P78316	P78316
Q9UIJ7	Q9UIJ7
Q9UH99	Q9UH99
O00187	O00187
Q12769	Q12769
Q13573	Q13573
P03897	P03897
P50502	P50502
Q9UET6	Q9UET6
Q8N7B9	Q8N7B9
A2A2Z9	A2A2Z9
Q96RT1	Q96RT1
Q5SRE7	Q5SRE7
P06729	P06729
P60866	P60866
Q9UM11	Q9UM11
P51946	P51946
Q63HK5	Q63HK5
Q14739	Q14739
Q99741	Q99741
Q7L8L6	Q7L8L6
P42224	P42224
P42224	P40763
P42224	P52630
Q9BQ66	Q9BQ66
Q9BYK8	Q9BYK8
P01591	P01591
Q9BWF2	Q9BWF2
P21980	P21980
Q8NCJ5	Q8NCJ5
Q8IYW5	Q8IYW5
Q86WR0	Q86WR0
Q6YHU6	Q6YHU6
Q15125	Q15125
O00330	O00330
P22059	P22059
Q86T65	Q86T65
P00558	P00558
P13164	P13164
P13164	Q01628
Q9BRR8	Q9BRR8
Q13393	Q13393
Q147U7	Q147U7
P13762	P13762
P13762	Q30154
P01579	P01579
O00487	O00487
Q96EM0	Q96EM0
P52739	P52739
A0AVI4	A0AVI4
O75800	O75800
Q9BV68	Q9BV68
Q9H0H5	Q9H0H5
Q9GZU2	Q9GZU2
Q9UQE7	Q9UQE7
Q99733	Q99733
Q99733	P55209
P22061	P22061
Q8NG11	Q8NG11
P36543	P36543
P36543	Q96A05
Q496F6	Q496F6
Q496F6	Q08708
Q9C0C4	Q9C0C4
P79522	P79522
Q9ULX6	Q9ULX6
Q9Y5L0	Q9Y5L0
Q9GZZ1	Q9GZZ1
Q8WYA6	Q8WYA6
P14174	P14174
Q66K89	Q66K89
O00754	O00754
Q8N3E9	Q8N3E9
P51681	P51681
P51681	P51679
P23588	P23588
P08069	P08069
P08069	P06213
Q9H1K0	Q9H1K0
O75604	O75604
Q6ZVK8	Q6ZVK8
Q99985	Q99985
Q99985	Q14563
Q9NS73	Q9NS73
Q9BQA1	Q9BQA1
Q9Y266	Q9Y266
Q9UL15	Q9UL15
P08567	P08567
P39748	P39748
Q8TB61	Q8TB61
Q9H2M9	Q9H2M9
P19634	P19634
Q8WU79	Q8WU79
Q86TN4	Q86TN4
O75533	O75533
P11717	P11717
P82650	P82650
Q9NWB7	Q9NWB7
Q9NXD2	Q9NXD2
Q92979	Q92979
Q08378	Q08378
P27816	P27816
P12236	P12236
P12236	P05141
P12236	P12235
P12236	Q9H0C2
O60220	O60220
P23284	P23284
O14757	O14757
Q53HV7	Q53HV7
Q96L50	Q96L50
P31941	P31941
P23526	P23526
P23526	O43865
P23526	Q96HN2
P49189	P49189
P49189	O94788
P49189	P00352
P49189	P05091
P49189	P47895
Q99943	Q99943
Q15035	Q15035
Q15035	Q15629
Q9H2D6	Q9H2D6
P58753	P58753
Q8IX01	Q8IX01
Q7Z2K8	Q7Z2K8
P21912	P21912
Q96IC2	Q96IC2
Q15185	Q15185
P61803	P61803
Q14847	Q14847
Q7Z434	Q7Z434
Q9HCE6	Q9HCE6
Q9HCE6	O15013
P00338	P00338
P00338	P07195
P35637	P35637
P35637	Q01844
P43364	P43364
P00846	P00846
O75828	O75828
O75828	P16152
O43194	O43194
Q06330	Q06330
P02647	P02647
Q12834	Q12834
O75665	O75665
Q9Y5K6	Q9Y5K6
Q92896	Q92896
Q9UJU2	Q9UJU2
Q9H4G0	Q9H4G0
Q9H4G0	Q9Y2J2
Q9H4G0	P11171
Q9H4G0	O43491
Q6UX71	Q6UX71
Q13227	Q13227
P35606	P35606
O75390	O75390
Q96L93	Q96L93
P06746	P06746
P28072	P28072
P52848	P52848
Q9H3T2	Q9H3T2
Q8N668	Q8N668
P78536	P78536
Q5T447	Q5T447
Q9H4L5	Q9H4L5
Q9H4L5	Q9BZF3
O15523	O15523
O15523	O00571
Q9BUK6	Q9BUK6
Q99828	Q99828
Q96QU8	Q96QU8
Q96G23	Q96G23
Q96G23	Q9HA82
Q96G23	Q6ZMG9
Q96G23	Q8N5B7
O75818	O75818
Q53LP3	Q53LP3
Q92859	Q92859
O43529	O43529
Q9BS16	Q9BS16
Q9ULW3	Q9ULW3
O75947	O75947
P42025	P42025
P42025	P61163
P42025	P62736
P42025	P63267
P42025	Q562R1
P42025	P68032
P42025	P68133
P42025	P63261
P42025	P60709
P42025	P61160
P09496	P09496
Q9BSY9	Q9BSY9
Q9BTZ2	Q9BTZ2
Q13126	Q13126
Q9NX20	Q9NX20
O60508	O60508
P49137	P49137
Q9NUL5	Q9NUL5
Q9BYC5	Q9BYC5
O15155	O15155
Q02218	Q02218
Q8WTW3	Q8WTW3
Q5TDH0	Q5TDH0
P60604	P60604
Q8NFH4	Q8NFH4
Q7Z7H8	Q7Z7H8
Q9Y6K0	Q9Y6K0
Q71H61	Q71H61
Q9BYG5	Q9BYG5
P61326	P61326
O14525	O14525
Q8NEJ0	Q8NEJ0
Q8NEJ0	O95147
Q9Y2H1	Q9Y2H1
Q9Y2H1	Q15208
P82980	P82980
P82980	P09455
Q9H3P7	Q9H3P7
P49917	P49917
Q9P000	Q9P000
Q3MJ13	Q3MJ13
Q8IV08	Q8IV08
P06493	P06493
P06493	P24941
P06493	P50613
P06493	P11802
P06493	Q00534
O14734	O14734
Q9UHR5	Q9UHR5
P78417	P78417
P78417	Q9H4Y5
P27105	P27105
Q96HB5	Q96HB5
P01375	P01375
Q5JY77	Q5JY77
O95832	O95832
O95832	O95471
Q16517	Q16517
Q9Y287	Q9Y287
Q9Y287	Q9NQX7
Q8WUW1	Q8WUW1
Q92543	Q92543
Q9Y2K5	Q9Y2K5
Q9Y2K5	Q15032
P35573	P35573
Q96RE7	Q96RE7
P16422	P16422
P16422	P09758
P62826	P62826
P33316	P33316
P20701	P20701
O60306	O60306
Q9Y6A4	Q9Y6A4
O95249	O95249
Q4V328	Q4V328
Q52LJ0	Q52LJ0
Q9Y6B6	Q9Y6B6
Q9Y6B6	Q9NR31
Q13233	Q13233
Q9P0I2	Q9P0I2
Q12905	Q12905
Q9P2R7	Q9P2R7
Q9H987	Q9H987
Q13796	Q13796
Q9NRJ3	Q9NRJ3
O15382	O15382
O00115	O00115
P54803	P54803
Q6P5R6	Q6P5R6
Q6P5R6	P35268
Q7KZN9	Q7KZN9
P16035	P16035
P32119	P32119
P32119	Q06830
A1L020	A1L020
Q9BSL1	Q9BSL1
Q9BT92	Q9BT92
P18850	P18850
Q9Y2Q5	Q9Y2Q5
P38435	P38435
Q14289	Q14289
P29122	P29122
P80723	P80723
Q8IZ63	Q8IZ63
Q15436	Q15436
Q15436	Q15437
P30532	P30532
Q5EBL8	Q5EBL8
P55058	P55058
P82664	P82664
Q01201	Q01201
Q96SN8	Q96SN8
Q9NV06	Q9NV06
O43772	O43772
Q99816	Q99816
P56192	P56192
P35658	P35658
Q6ZSJ8	Q6ZSJ8
Q02952	Q02952
Q9C037	Q9C037
O75369	O75369
O75369	P21333
Q14689	Q14689
Q14689	Q9P265
P15529	P15529
Q969X1	Q969X1
Q969X1	Q7Z429
P18124	P18124
P18124	Q6DKI1
O75223	O75223
Q8IY17	Q8IY17
P48047	P48047
Q9BQ04	Q9BQ04
Q9BQ04	Q9BWF3
P26572	P26572
Q9BQB6	Q9BQB6
Q9BQB6	Q8N0U8
Q9H0A0	Q9H0A0
Q96L58	Q96L58
Q9UBX3	Q9UBX3
P02751	P02751
P49589	P49589
O94966	O94966
O75829	O75829
O95633	O95633
P00740	P00740
P00740	P00742
P00740	P08709
P29459	P29459
Q15906	Q15906
Q9UBU8	Q9UBU8
Q16589	Q16589
Q16555	Q16555
Q16555	Q14194
P48730	P48730
P48730	P49674
Q15003	Q15003
Q9BVC5	Q9BVC5
P81877	P81877
Q12772	Q12772
Q12772	P36956
Q8IVT5	Q8IVT5
Q53FZ2	Q53FZ2
Q63HQ0	Q63HQ0
Q8N350	Q8N350
P02675	P02675
Q9Y4W2	Q9Y4W2
Q709F0	Q709F0
Q9BZQ6	Q9BZQ6
Q7Z7F7	Q7Z7F7
Q8N5A5	Q8N5A5
P35221	P35221
Q13901	Q13901
P41250	P41250
P54577	P54577
P20042	P20042
P46781	P46781
Q8TCD5	Q8TCD5
Q9Y4B4	Q9Y4B4
P01019	P01019
Q9H3P2	Q9H3P2
O15270	O15270
Q9Y2G1	Q9Y2G1
O43929	O43929
Q9BX68	Q9BX68
Q9Y4E1	Q9Y4E1
Q9H1Z4	Q9H1Z4
P43355	P43355
P43355	P43356
P43355	P43365
P43355	P43360
P07996	P07996
A1L390	A1L390
O14733	O14733
Q86TM6	Q86TM6
Q9Y6J9	Q9Y6J9
P22492	P22492
P22492	Q02539
P22492	P16403
P22492	P10412
P22492	P16401
Q09472	Q09472
Q09472	Q92793
P24278	P24278
Q05519	Q05519
Q9NQY0	Q9NQY0
Q5VWN6	Q5VWN6
Q8N8A2	Q8N8A2
Q8N8A2	Q8NB46
Q8N8A2	O15084
Q9Y2H6	Q9Y2H6
Q9Y2H6	Q53EP0
P48553	P48553
Q9NRG9	Q9NRG9
O60287	O60287
Q9BPW8	Q9BPW8
Q86YN1	Q86YN1
P12259	P12259
O75530	O75530
Q8N5I3	Q8N5I3
Q9UHK0	Q9UHK0
Q14126	Q14126
P39019	P39019
Q86X95	Q86X95
O75781	O75781
Q9P0J0	Q9P0J0
Q9NYJ8	Q9NYJ8
P00156	P00156
O95377	O95377
Q9HC36	Q9HC36
O43866	O43866
Q8ND76	Q8ND76
O00182	O00182
P37108	P37108
Q9UHX1	Q9UHX1
Q92882	Q92882
P35269	P35269
O95395	O95395
Q8TDL5	Q8TDL5
Q86VP6	Q86VP6
Q86VP6	O75155
Q9NVZ3	Q9NVZ3
Q9H4F8	Q9H4F8
O94972	O94972
Q8NHQ1	Q8NHQ1
Q96DU7	Q96DU7
P01857	P01857
P47712	P47712
P62633	P62633
Q15388	Q15388
O75925	O75925
O75925	Q9Y6X2
O75925	O75928
O15151	O15151
P22413	P22413
Q8N684	Q8N684
Q8N684	Q16630
P17707	P17707
P00491	P00491
Q8IZ21	Q8IZ21
Q13950	Q13950
P53701	P53701
Q96GZ6	Q96GZ6
Q9P2Y4	Q9P2Y4
Q9BRJ6	Q9BRJ6
P63165	P63165
Q8IUC4	Q8IUC4
Q9Y5X1	Q9Y5X1
P52815	P52815
Q9BRK0	Q9BRK0
Q9BRK0	Q9H6H4
P49810	P49810
P49810	P49768
O15205	O15205
Q7RTN6	Q7RTN6
Q9NSG2	Q9NSG2
Q53GQ0	Q53GQ0
Q53GQ0	Q3SXM5
P35869	P35869
P61769	P61769
Q9GZS3	Q9GZS3
Q9H270	Q9H270
P55036	P55036
Q8IZL8	Q8IZL8
Q13427	Q13427
O75340	O75340
O14964	O14964
Q9Y5Y6	Q9Y5Y6
Q8WVX9	Q8WVX9
Q96HE9	Q96HE9
Q13395	Q13395
P31749	P31749
Q5UIP0	Q5UIP0
P52756	P52756
P52756	P98175
P08236	P08236
P46109	P46109
P46109	P46108
P26651	P26651
Q6NTF9	Q6NTF9
Q9BZX2	Q9BZX2
Q00059	Q00059
Q9H0M0	Q9H0M0
Q9H0M0	O00308
Q9H0M0	Q96J02
Q9UNP4	Q9UNP4
Q9BQS8	Q9BQS8
P52747	P52747
P01130	P01130
P01130	Q14114
P01130	P98155
Q53H80	Q53H80
Q9NUT2	Q9NUT2
Q9HC52	Q9HC52
Q9Y608	Q9Y608
Q6YN16	Q6YN16
Q99933	Q99933
Q969V3	Q969V3
Q12874	Q12874
Q15046	Q15046
Q16621	Q16621
Q9UHQ4	Q9UHQ4
Q9UHQ4	P51572
Q86X10	Q86X10
P55081	P55081
Q8NBF2	Q8NBF2
Q9Y2L5	Q9Y2L5
P36955	P36955
Q9NV64	Q9NV64
Q13769	Q13769
Q96PZ0	Q96PZ0
Q96CP7	Q96CP7
Q15542	Q15542
Q12979	Q12979
Q9Y258	Q9Y258
P08172	P08172
Q96DI7	Q96DI7
O43683	O43683
O76021	O76021
Q9P2J5	Q9P2J5
Q6PF05	Q6PF05
Q16586	Q16586
O15118	O15118
P19022	P19022
P19022	P55283
O43829	O43829
Q9Y5J1	Q9Y5J1
Q86Y13	Q86Y13
O95817	O95817
P25024	P25024
Q9HB07	Q9HB07
Q9UNQ2	Q9UNQ2
P09874	P09874
Q9BXL6	Q9BXL6
Q76N32	Q76N32
Q9Y5J9	Q9Y5J9
Q9H252	Q9H252
O43818	O43818
Q15560	Q15560
Q15560	P23193
O14980	O14980
O00515	O00515
Q9BV90	Q9BV90
Q96LB3	Q96LB3
O75122	O75122
O75122	Q7Z460
Q9UNZ5	Q9UNZ5
P30622	P30622
Q9NQ55	Q9NQ55
Q3KR37	Q3KR37
Q3KR37	Q96CP6
Q3KR37	Q8IYS0
Q6ZMN7	Q6ZMN7
Q6ZMN7	Q9UPQ7
Q86VN1	Q86VN1
Q16342	Q16342
Q5T9L3	Q5T9L3
Q8WX93	Q8WX93
Q8NE00	Q8NE00
Q6ZNB6	Q6ZNB6
Q6VN20	Q6VN20
Q6VN20	Q96S59
Q9UNE7	Q9UNE7
Q3B726	Q3B726
Q96CA5	Q96CA5
Q07820	Q07820
Q9BVP2	Q9BVP2
P55957	P55957
P10155	P10155
P0C5Z0	P0C5Z0
Q96N11	Q96N11
Q9BUA3	Q9BUA3
O00750	O00750
Q9UL49	Q9UL49
P01042	P01042
Q9UII4	Q9UII4
Q6P0N0	Q6P0N0
O94925	O94925
Q969Q0	Q969Q0
Q969Q0	P83881
P50281	P50281
P04083	P04083
P04083	P12429
P04083	P13928
P04083	P08758
P04083	P07355
Q9H3M7	Q9H3M7
Q96S55	Q96S55
O00186	O00186
O00186	P61764
O00186	Q15833
Q9HA38	Q9HA38
Q15038	Q15038
Q96HD1	Q96HD1
Q96GD0	Q96GD0
Q6NSJ2	Q6NSJ2
Q96D46	Q96D46
Q8NC69	Q8NC69
O75844	O75844
P09529	P09529
Q9BX67	Q9BX67
P78560	P78560
O00327	O00327
O75976	O75976
Q93063	Q93063
Q9BTV5	Q9BTV5
Q9Y5B9	Q9Y5B9
Q96IV0	Q96IV0
Q6P1R4	Q6P1R4
P17676	P17676
O14617	O14617
Q9Y5U9	Q9Y5U9
P00387	P00387
Q14181	Q14181
Q9NW81	Q9NW81
Q8IZD9	Q8IZD9
Q9H0V1	Q9H0V1
P25398	P25398
Q96BP2	Q96BP2
Q96GQ5	Q96GQ5
Q9UI95	Q9UI95
P50402	P50402
Q96M95	Q96M95
Q8WUM4	Q8WUM4
P48444	P48444
P14649	P14649
Q8N3R9	Q8N3R9
Q8TDF6	Q8TDF6
Q14978	Q14978
P20809	P20809
P37840	P37840
Q9NXH8	Q9NXH8
Q8NCS4	Q8NCS4
Q15070	Q15070
Q68D10	Q68D10
Q9Y5B0	Q9Y5B0
P32519	P32519
Q5T4F4	Q5T4F4
Q96AB3	Q96AB3
Q99835	Q99835
O15355	O15355
Q9NZ08	Q9NZ08
Q9NZ08	Q9UIQ6
Q9BVV6	Q9BVV6
P53805	P53805
P55198	P55198
Q96JB3	Q96JB3
Q9UPT8	Q9UPT8
P78348	P78348
Q9NWX6	Q9NWX6
Q8NFX7	Q8NFX7
O75461	O75461
P52209	P52209
Q9P013	Q9P013
Q15361	Q15361
Q8N143	Q8N143
O00154	O00154
Q5TA45	Q5TA45
Q9HAU0	Q9HAU0
Q8TBF5	Q8TBF5
O60499	O60499
O60749	O60749
O60749	Q13596
Q9BRD0	Q9BRD0
Q6P1W5	Q6P1W5
O15245	O15245
O15245	O15244
O15245	O75751
Q9Y3P4	Q9Y3P4
Q9Y3Y2	Q9Y3Y2
Q96T21	Q96T21
Q9HCD5	Q9HCD5
Q7Z6M2	Q7Z6M2
Q92547	Q92547
O43264	O43264
Q969E8	Q969E8
Q9Y676	Q9Y676
Q16540	Q16540
Q9H307	Q9H307
Q9UI10	Q9UI10
P62310	P62310
P52948	P52948
Q07912	Q07912
Q5T7W7	Q5T7W7
P40306	P40306
P40306	Q99436
Q99525	Q99525
Q99525	P62805
Q9C0E8	Q9C0E8
Q9UHV2	Q9UHV2
P28838	P28838
A6NCC3	A6NCC3
O75489	O75489
Q9P0J7	Q9P0J7
O95405	O95405
O75521	O75521
Q13363	Q13363
Q13363	P56545
Q14669	Q14669
Q8WYN0	Q8WYN0
Q2M3G4	Q2M3G4
Q9NP74	Q9NP74
P10620	P10620
O43809	O43809
Q8N8U9	Q8N8U9
Q15573	Q15573
Q96RF0	Q96RF0
O75127	O75127
Q9UI14	Q9UI14
Q63HM2	Q63HM2
P04118	P04118
Q9Y224	Q9Y224
P29558	P29558
P29558	Q15434
Q5QGZ9	Q5QGZ9
P28331	P28331
P09871	P09871
P07339	P07339
O00400	O00400
O15432	O15432
Q9UHH9	Q9UHH9
Q9NPA0	Q9NPA0
O14776	O14776
Q6P3W7	Q6P3W7
Q8IYX8	Q8IYX8
Q6NT76	Q6NT76
Q9H2Y7	Q9H2Y7
P49720	P49720
O14646	O14646
Q9ULR0	Q9ULR0
O43447	O43447
O43447	P62937
O43447	Q9H2H8
O75414	O75414
P17861	P17861
P12956	P12956
O60869	O60869
Q9H334	Q9H334
P30419	P30419
P30419	O60551
O75352	O75352
Q99873	Q99873
P28066	P28066
P55916	P55916
Q9Y3D9	Q9Y3D9
Q6P2E9	Q6P2E9
Q9H9D4	Q9H9D4
P02776	P02776
P02776	P19876
P30044	P30044
P10826	P10826
P10826	P10276
O75817	O75817
Q99536	Q99536
Q8TD31	Q8TD31
O95456	O95456
Q9NR19	Q9NR19
O00483	O00483
Q8NHQ9	Q8NHQ9
Q12933	Q12933
P04075	P04075
P04075	P05062
P82675	P82675
Q8N129	Q8N129
P56537	P56537
Q04864	Q04864
Q9HB63	Q9HB63
Q8TD10	Q8TD10
Q14703	Q14703
Q16763	Q16763
Q16637	Q16637
P00439	P00439
Q6UY11	Q6UY11
Q15545	Q15545
A5YKK6	A5YKK6
Q96Q11	Q96Q11
Q15059	Q15059
Q15059	P25440
Q6P4Q7	Q6P4Q7
Q2NKX8	Q2NKX8
Q8N567	Q8N567
Q8WVN8	Q8WVN8
P78410	P78410
P04233	P04233
O15075	O15075
Q13491	Q13491
Q13491	P51674
Q10589	Q10589
Q92540	Q92540
Q13177	Q13177
Q13177	O75914
Q93073	Q93073
Q14166	Q14166
O75718	O75718
O75718	Q92791
P63208	P63208
Q96ES6	Q96ES6
Q9HAS0	Q9HAS0
Q9H9H4	Q9H9H4
P19652	P19652
Q9BW27	Q9BW27
P98170	P98170
P42285	P42285
Q5D1E8	Q5D1E8
P18206	P18206
P02775	P02775
Q9P2F8	Q9P2F8
Q9P2F8	O60292
P0CG39	P0CG39
P19793	P19793
P19793	P28702
Q969W9	Q969W9
Q99877	Q99877
Q99877	P62807
Q99877	Q93079
Q99877	P33778
Q99877	P06899
Q99877	Q99880
Q99877	P57053
Q99877	Q96A08
Q99877	Q99879
Q99877	P58876
Q99877	Q8N257
Q99877	Q5QNW6
Q99877	P23527
Q99877	Q16778
Q99877	O60814
Q7Z3K3	Q7Z3K3
Q96BJ3	Q96BJ3
P28482	P28482
P28482	P27361
P28482	P45984
Q9NSC5	Q9NSC5
O95715	O95715
Q96NT0	Q96NT0
O15372	O15372
O43719	O43719
P03891	P03891
Q8N4H5	Q8N4H5
Q8WUA2	Q8WUA2
P62244	P62244
P48645	P48645
Q93062	Q93062
P49760	P49760
O15033	O15033
Q92851	Q92851
Q5VYS8	Q5VYS8
P04818	P04818
P55011	P55011
P55327	P55327
Q9P2D6	Q9P2D6
Q9HBU6	Q9HBU6
Q96EB6	Q96EB6
Q9UPU5	Q9UPU5
Q8N9W6	Q8N9W6
Q9NUQ3	Q9NUQ3
P43307	P43307
Q14247	Q14247
Q9NWW5	Q9NWW5
P30086	P30086
Q5VV52	Q5VV52
Q7L590	Q7L590
Q04837	Q04837
O43815	O43815
O43815	Q13033
O43815	Q9NRL3
Q9UPP1	Q9UPP1
Q96FJ0	Q96FJ0
A6NHX0	A6NHX0
A7MCY6	A7MCY6
Q9BYD3	Q9BYD3
P04035	P04035
P61086	P61086
Q86U42	Q86U42
O75570	O75570
Q9BRA2	Q9BRA2
P00966	P00966
Q8WWK9	Q8WWK9
Q6UWX4	Q6UWX4
Q92908	Q92908
O75460	O75460
Q13485	Q13485
Q9Y265	Q9Y265
Q9Y265	Q9Y230
P06865	P06865
O14893	O14893
P35270	P35270
Q9H7E2	Q9H7E2
P08559	P08559
P08238	P08238
P08238	P07900
P08238	P14625
O95391	O95391
P15907	P15907
Q96KS0	Q96KS0
Q96KS0	Q9GZT9
Q9UJY1	Q9UJY1
Q06136	Q06136
Q96T23	Q96T23
Q86VY4	Q86VY4
Q8IUF8	Q8IUF8
Q00325	Q00325
Q7L576	Q7L576
Q7L576	Q96F07
P13498	P13498
Q9UPT9	Q9UPT9
Q9UBB6	Q9UBB6
Q96RU3	Q96RU3
P30536	P30536
Q99708	Q99708
O96005	O96005
P51948	P51948
Q6ZSR9	Q6ZSR9
P67812	P67812
P67812	Q9BY50
Q6WKZ4	Q6WKZ4
P56378	P56378
P30043	P30043
Q6PML9	Q6PML9
Q9BUB5	Q9BUB5
Q674X7	Q674X7
Q8WXF8	Q8WXF8
Q9UM19	Q9UM19
Q9UM19	P37235
P20719	P20719
Q9Y3X0	Q9Y3X0
Q9NZD2	Q9NZD2
O14579	O14579
Q15773	Q15773
O75884	O75884
Q9NUY8	Q9NUY8
O95183	O95183
O95394	O95394
Q96C10	Q96C10
Q16625	Q16625
Q12996	Q12996
P28288	P28288
P28288	P33897
O43824	O43824
Q9UJX2	Q9UJX2
O14925	O14925
Q92643	Q92643
O60547	O60547
O95067	O95067
O95067	P14635
Q9H840	Q9H840
Q14574	Q14574
Q14186	Q14186
Q14186	Q5H9I0
Q14186	Q14188
O00401	O00401
Q8WUH6	Q8WUH6
P49765	P49765
Q9HCN4	Q9HCN4
Q9ULG6	Q9ULG6
P24534	P24534
P32121	P32121
Q96ST8	Q96ST8
Q96HY6	Q96HY6
Q96LJ7	Q96LJ7
Q9P0T4	Q9P0T4
Q6AZY7	Q6AZY7
O94923	O94923
Q9GZT8	Q9GZT8
P52179	P52179
Q9H082	Q9H082
Q9H082	Q14088
Q8NI22	Q8NI22
Q92990	Q92990
Q92947	Q92947
Q9BSJ2	Q9BSJ2
Q9BQ70	Q9BQ70
Q9H9J2	Q9H9J2
Q7RTR2	Q7RTR2
P00747	P00747
P21399	P21399
P21399	P48200
Q8WTV0	Q8WTV0
O15211	O15211
Q16206	Q16206
Q5JUX0	Q5JUX0
Q5JUX0	Q9Y657
O14559	O14559
Q9P2B7	Q9P2B7
Q96EI5	Q96EI5
P02768	P02768
P02768	P02771
P62269	P62269
Q5T2W1	Q5T2W1
Q93008	Q93008
O43760	O43760
Q9BXS4	Q9BXS4
Q9BZK7	Q9BZK7
Q9BZK7	Q9BQ87
Q8IYB1	Q8IYB1
P27824	P27824
P27824	O14967
P22301	P22301
Q9P0J6	Q9P0J6
Q9C0B9	Q9C0B9
Q86VP1	Q86VP1
P42081	P42081
Q8IWU5	Q8IWU5
Q06889	Q06889
Q06889	P11161
Q6P1A2	Q6P1A2
P49916	P49916
Q15424	Q15424
Q15424	Q14151
P36897	P36897
P25815	P25815
P25815	P60903
P25815	P29034
P25815	P26447
P25815	P31949
P25705	P25705
Q9H4A5	Q9H4A5
Q9H4A5	Q9H4A6
P51965	P51965
Q96E22	Q96E22
Q9NX57	Q9NX57
Q96SW2	Q96SW2
O60701	O60701
O43298	O43298
Q8NHP8	Q8NHP8
Q86VH4	Q86VH4
Q9NXA8	Q9NXA8
P16333	P16333
P16333	O43639
Q8N8R3	Q8N8R3
P29966	P29966
Q969Z3	Q969Z3
P16144	P16144
Q2KJY2	Q2KJY2
Q9BVT8	Q9BVT8
Q9Y4F5	Q9Y4F5
P12270	P12270
Q8N3Z6	Q8N3Z6
Q9H892	Q9H892
P51659	P51659
Q13572	Q13572
Q9Y6D5	Q9Y6D5
Q9Y6D5	Q9Y6D6
O00233	O00233
Q9Y5R8	Q9Y5R8
O95297	O95297
P06132	P06132
O60885	O60885
P43353	P43353
P43353	P51648
P55210	P55210
Q71RC2	Q71RC2
P83110	P83110
P83110	Q92743
Q7L5A8	Q7L5A8
P19404	P19404
Q70UQ0	Q70UQ0
Q9H1R3	Q9H1R3
Q9Y5Y2	Q9Y5Y2
P36954	P36954
Q3ZAQ7	Q3ZAQ7
Q9H2G2	Q9H2G2
Q8NB49	Q8NB49
Q99523	Q99523
P23025	P23025
Q9NXR1	Q9NXR1
Q9NXR1	Q9GZM8
Q6P435	Q6P435
P42574	P42574
P42574	P55212
P78406	P78406
Q8IYD1	Q8IYD1
Q6UW56	Q6UW56
P21860	P21860
Q08397	Q08397
P39023	P39023
P19784	P19784
P19784	P68400
Q86XF0	Q86XF0
Q14511	Q14511
P33993	P33993
O15260	O15260
Q13421	Q13421
Q14203	Q14203
Q13740	Q13740
Q9ULM6	Q9ULM6
Q9UNS1	Q9UNS1
Q96M89	Q96M89
Q15029	Q15029
Q16254	Q16254
Q16401	Q16401
P50552	P50552
O43889	O43889
O60762	O60762
Q8NDT2	Q8NDT2
Q8NDT2	Q96T37
P56962	P56962
Q9GZR7	Q9GZR7
P0CG47	P0CG47
P52429	P52429
Q99832	Q99832
Q9BQ67	Q9BQ67
Q12857	Q12857
P30041	P30041
Q13451	Q13451
Q9Y2B0	Q9Y2B0
P78383	P78383
O75909	O75909
Q08431	Q08431
Q76M96	Q76M96
Q9UNX4	Q9UNX4
Q6ZWT7	Q6ZWT7
O96006	O96006
Q9Y2G0	Q9Y2G0
Q9Y2G0	Q14156
Q9BSF8	Q9BSF8
Q9UBB9	Q9UBB9
O60706	O60706
Q9UHL4	Q9UHL4
Q9UHL4	P42785
Q99459	Q99459
A6NDU8	A6NDU8
Q8TF72	Q8TF72
P57052	P57052
Q9NZM5	Q9NZM5
Q8N4L2	Q8N4L2
Q8N4L2	Q86T03
Q9P2B4	Q9P2B4
Q8TCG1	Q8TCG1
Q9C0J8	Q9C0J8
Q15061	Q15061
Q8WYP5	Q8WYP5
P35232	P35232
P35232	Q99623
Q9UHE8	Q9UHE8
Q15223	Q15223
Q06945	Q06945
Q9Y572	Q9Y572
Q6NZI2	Q6NZI2
P51571	P51571
Q6Y1H2	Q6Y1H2
Q9P2E9	Q9P2E9
Q68G75	Q68G75
Q92621	Q92621
Q6NUM9	Q6NUM9
O95298	O95298
P51610	P51610
Q9BYM8	Q9BYM8
P01374	P01374
Q8N1F8	Q8N1F8
P39687	P39687
P39687	Q92688
P39687	Q9BTT0
P39687	O43423
Q9H1X3	Q9H1X3
P19623	P19623
Q68CP9	Q68CP9
O95786	O95786
Q96KB5	Q96KB5
Q9Y3B1	Q9Y3B1
P38432	P38432
P61927	P61927
Q12789	Q12789
P49754	P49754
Q9BTE3	Q9BTE3
Q05682	Q05682
Q93088	Q93088
P43897	P43897
Q8NI36	Q8NI36
Q6IAA8	Q6IAA8
Q9BXS9	Q9BXS9
Q96BW1	Q96BW1
Q15843	Q15843
O95070	O95070
O95070	Q5BJH7
P78312	P78312
Q8TBR4	Q8TBR4
Q09328	Q09328
Q9GZP9	Q9GZP9
Q8N999	Q8N999
P09913	P09913
P09913	P09914
P09913	Q13325
P09913	O14879
Q96C36	Q96C36
O95967	O95967
O95967	Q9UBX5
O95967	Q12805
Q9H8H3	Q9H8H3
Q86YD7	Q86YD7
Q53RE8	Q53RE8
Q9BRZ2	Q9BRZ2
A6PVS8	A6PVS8
Q9Y6E2	Q9Y6E2
Q9Y6E2	Q7L1Q6
Q6VY07	Q6VY07
O15344	O15344
O15344	Q9UJV3
P18074	P18074
Q96JC9	Q96JC9
Q9UBN7	Q9UBN7
Q8WWI1	Q8WWI1
Q9UKS6	Q9UKS6
Q9UKS6	Q9UNF0
Q96PV7	Q96PV7
Q8N573	Q8N573
Q96QF0	Q96QF0
P78352	P78352
P78352	Q92796
P78352	Q15700
P78352	Q12959
O95990	O95990
P62241	P62241
Q14258	Q14258
Q9BX69	Q9BX69
Q9Y320	Q9Y320
Q96DH6	Q96DH6
P62910	P62910
Q9P0N9	Q9P0N9
Q9UHR4	Q9UHR4
Q9Y3B6	Q9Y3B6
Q9Y3B6	O43402
Q9UKL3	Q9UKL3
Q9BW72	Q9BW72
Q96IK5	Q96IK5
Q96I25	Q96I25
Q01850	Q01850
Q01850	Q86X02
Q7Z7J5	Q7Z7J5
O95232	O95232
Q96T49	Q96T49
Q96MV1	Q96MV1
P43246	P43246
P62750	P62750
Q86TV6	Q86TV6
Q86TV6	Q9ULT0
P43268	P43268
P03915	P03915
Q02086	Q02086
Q96F85	Q96F85
Q14746	Q14746
P11226	P11226
Q969Z0	Q969Z0
P53041	P53041
Q9P2K5	Q9P2K5
Q9P2K5	P52272
Q86UP2	Q86UP2
Q96PK6	Q96PK6
Q3BBV0	Q3BBV0
P49406	P49406
Q69YH5	Q69YH5
Q92748	Q92748
P78504	P78504
P78504	Q9Y219
Q9BSJ8	Q9BSJ8
P25686	P25686
P25686	O75190
Q9Y4W6	Q9Y4W6
Q99614	Q99614
Q9Y5S9	Q9Y5S9
Q9HCG7	Q9HCG7
O14966	O14966
O14966	Q13637
O95900	O95900
Q9UID3	Q9UID3
Q96BR5	Q96BR5
O60486	O60486
Q96AT1	Q96AT1
A8K0R7	A8K0R7
Q9NVH0	Q9NVH0
P0DP57	P0DP57
O95049	O95049
Q9ULK0	Q9ULK0
O94905	O94905
O94905	O75477
Q969X6	Q969X6
Q9BY41	Q9BY41
Q6Y2X3	Q6Y2X3
P21964	P21964
Q8NA29	Q8NA29
Q6ZMU5	Q6ZMU5
P63098	P63098
P63098	Q99653
Q49A88	Q49A88
Q01804	Q01804
Q969R8	Q969R8
P05161	P05161
Q13416	Q13416
Q02543	Q02543
Q53GT1	Q53GT1
Q8WXI9	Q8WXI9
Q8WXI9	Q86YP4
P15882	P15882
P54578	P54578
Q9H4A3	Q9H4A3
A3KMH1	A3KMH1
Q8IWX8	Q8IWX8
O43852	O43852
O43852	Q14257
O43852	Q15293
Q8TEA8	Q8TEA8
P17655	P17655
P17655	P07384
P17655	P20807
Q9UBT7	Q9UBT7
Q92900	Q92900
P18065	P18065
A0PK00	A0PK00
P09603	P09603
P16083	P16083
P16083	P15559
P62304	P62304
Q00403	Q00403
P53618	P53618
P61073	P61073
O75643	O75643
O75643	Q8N3C0
Q5T160	Q5T160
Q969M7	Q969M7
O95801	O95801
Q8WX92	Q8WX92
O15444	O15444
Q9NQ84	Q9NQ84
Q5VZ89	Q5VZ89
Q6ZU65	Q6ZU65
Q9Y6I9	Q9Y6I9
Q8NE86	Q8NE86
P56181	P56181
P63244	P63244
P05412	P05412
P05412	P17275
P05412	P17535
Q99567	Q99567
P27448	P27448
P27448	Q7KZI7
P27448	Q9P0L2
Q9NWU2	Q9NWU2
Q9UJX5	Q9UJX5
Q9NUS5	Q9NUS5
Q15800	Q15800
Q8TAF8	Q8TAF8
Q9UL63	Q9UL63
O00231	O00231
Q0JRZ9	Q0JRZ9
Q9ULZ3	Q9ULZ3
Q7Z7B1	Q7Z7B1
Q96EK4	Q96EK4
Q9H3Q1	Q9H3Q1
Q99549	Q99549
Q4ZIN3	Q4ZIN3
P14921	P14921
Q9UIG8	Q9UIG8
Q96EL2	Q96EL2
O94766	O94766
P49321	P49321
Q9BVV7	Q9BVV7
P82914	P82914
Q969G5	Q969G5
Q86W42	Q86W42
P22736	P22736
Q9H694	Q9H694
P52434	P52434
P03372	P03372
Q9BX66	Q9BX66
Q92968	Q92968
O14880	O14880
Q9NRP2	Q9NRP2
Q8WV92	Q8WV92
Q5SRE5	Q5SRE5
P39656	P39656
P62993	P62993
P81408	P81408
Q8IUD2	Q8IUD2
Q9BXF6	Q9BXF6
P05455	P05455
Q16799	Q16799
P09958	P09958
P01023	P01023
Q9UKK9	Q9UKK9
O43294	O43294
Q96T60	Q96T60
Q96MH6	Q96MH6
P49419	P49419
Q6P1M3	Q6P1M3
Q6P1M3	Q15334
Q13724	Q13724
Q5J8M3	Q5J8M3
Q9UKY4	Q9UKY4
P10909	P10909
Q5T124	Q5T124
Q5VXU9	Q5VXU9
P52657	P52657
Q02978	Q02978
Q9BXB1	Q9BXB1
Q93034	Q93034
Q9H8Y5	Q9H8Y5
Q7RTS9	Q7RTS9
Q4ADV7	Q4ADV7
P41223	P41223
Q8N3F8	Q8N3F8
Q6UXV4	Q6UXV4
O00391	O00391
P43487	P43487
O15091	O15091
Q9H6U8	Q9H6U8
P59910	P59910
P59910	Q9UDY4
P59910	O75953
P59910	P25685
Q6NUQ4	Q6NUQ4
Q14512	Q14512
Q5W0Q7	Q5W0Q7
P41567	P41567
Q96KA5	Q96KA5
Q86X55	Q86X55
Q8NEU8	Q8NEU8
Q8NEU8	Q9UKG1
Q9UBZ9	Q9UBZ9
P31641	P31641
P31641	Q01959
P31641	P48029
P60484	P60484
Q32MZ4	Q32MZ4
P30085	P30085
Q14165	Q14165
Q16851	Q16851
Q5C9Z4	Q5C9Z4
Q12879	Q12879
Q8N3P4	Q8N3P4
Q9NZD8	Q9NZD8
P09884	P09884
Q9NVR5	Q9NVR5
Q96QT4	Q96QT4
O75153	O75153
P07333	P07333
Q9NP61	Q9NP61
Q9NP61	Q8N6H7
O14683	O14683
O43432	O43432
O43432	Q04637
Q13127	Q13127
Q92823	Q92823
Q15021	Q15021
Q8WU90	Q8WU90
Q9H246	Q9H246
Q96K76	Q96K76
Q5T5U3	Q5T5U3
P40937	P40937
Q4LDG9	Q4LDG9
Q9P2S5	Q9P2S5
Q04206	Q04206
Q9H6A9	Q9H6A9
Q5SY16	Q5SY16
P55769	P55769
Q96MW5	Q96MW5
Q13085	Q13085
Q9H2U1	Q9H2U1
Q9BVX2	Q9BVX2
Q9BVX2	Q9NUM4
O43521	O43521
Q5F1R6	Q5F1R6
Q8NEB9	Q8NEB9
Q9UJ68	Q9UJ68
P11388	P11388
Q9Y6Q9	Q9Y6Q9
Q9Y6Q9	Q15596
Q7L099	Q7L099
Q08379	Q08379
O15381	O15381
P27701	P27701
P20591	P20591
P20591	P20592
P42702	P42702
C9JH25	C9JH25
Q8TE76	Q8TE76
Q8WWG1	Q8WWG1
O14562	O14562
Q14210	Q14210
Q9HAN9	Q9HAN9
Q9HC78	Q9HC78
Q9BXP5	Q9BXP5
Q06203	Q06203
P05106	P05106
P05106	P18084
P05106	P05556
Q13642	Q13642
Q5VTJ3	Q5VTJ3
P18621	P18621
O95433	O95433
P00915	P00915
Q15392	Q15392
O60645	O60645
Q9NYI0	Q9NYI0
Q9Y3R0	Q9Y3R0
Q9BUZ4	Q9BUZ4
Q9Y3T9	Q9Y3T9
P37837	P37837
Q9UBX1	Q9UBX1
O75843	O75843
O75843	O43747
P36871	P36871
P18825	P18825
Q9Y262	Q9Y262
P50897	P50897
Q8TDN4	Q8TDN4
Q13616	Q13616
Q01105	Q01105
Q9BZ71	Q9BZ71
Q9NQC3	Q9NQC3
P01137	P01137
Q9BV20	Q9BV20
Q9HAU4	Q9HAU4
Q13084	Q13084
Q96S66	Q96S66
O75382	O75382
O75382	Q9C040
Q53G59	Q53G59
P51149	P51149
P13010	P13010
Q9Y6W5	Q9Y6W5
Q9Y6W5	Q92558
Q15637	Q15637
O95807	O95807
Q9BPZ3	Q9BPZ3
Q9HAQ2	Q9HAQ2
O43609	O43609
Q9UBS9	Q9UBS9
Q9NYG2	Q9NYG2
Q9NYG2	Q9NXF8
Q9BT56	Q9BT56
Q5VSL9	Q5VSL9
P17174	P17174
P17174	P00505
Q15025	Q15025
Q7Z4S6	Q7Z4S6
Q86U86	Q86U86
Q96RJ0	Q96RJ0
O75478	O75478
O43164	O43164
O00264	O00264
O00264	O15173
P46783	P46783
P82663	P82663
Q9NZL9	Q9NZL9
O15042	O15042
Q13291	Q13291
Q08AM6	Q08AM6
Q9BWG6	Q9BWG6
O00178	O00178
Q9Y2K6	Q9Y2K6
Q9Y2K6	Q8TEY7
P01903	P01903
Q96CT7	Q96CT7
Q9UNS2	Q9UNS2
Q2TBC4	Q2TBC4
Q9H2C2	Q9H2C2
Q6UW68	Q6UW68
Q9BQ61	Q9BQ61
P11182	P11182
P61978	P61978
O15350	O15350
Q9Y244	Q9Y244
Q8N6N6	Q8N6N6
Q15052	Q15052
Q15052	Q14155
Q4KMQ2	Q4KMQ2
Q96L73	Q96L73
Q13751	Q13751
Q9H6X4	Q9H6X4
O15162	O15162
O15162	Q9NRY6
O15162	Q9NRQ2
P05166	P05166
Q9Y5Q8	Q9Y5Q8
Q8NHP6	Q8NHP6
P50443	P50443
Q9HBR0	Q9HBR0
Q96LT4	Q96LT4
Q08477	Q08477
Q08477	Q9HBI6
P51692	P51692
P51692	P42229
Q9BXB4	Q9BXB4
Q9BXB4	Q9BXB5
P46821	P46821
Q5JSL3	Q5JSL3
O96019	O96019
Q9NYY8	Q9NYY8
Q08426	Q08426
Q02750	Q02750
Q02750	P36507
O60504	O60504
Q9Y3Z3	Q9Y3Z3
Q9Y252	Q9Y252
Q16594	Q16594
P13639	P13639
Q86W50	Q86W50
P46379	P46379
Q9H6F5	Q9H6F5
Q8IYJ3	Q8IYJ3
O75683	O75683
Q8N6S5	Q8N6S5
Q86VS8	Q86VS8
Q86VS8	Q9UJC3
Q6PL24	Q6PL24
Q8TBZ0	Q8TBZ0
O43172	O43172
Q9BXI6	Q9BXI6
Q9BUL8	Q9BUL8
Q9P2R3	Q9P2R3
Q7L8A9	Q7L8A9
Q13428	Q13428
Q9H7E9	Q9H7E9
O60232	O60232
Q9H4A4	Q9H4A4
Q5SXM8	Q5SXM8
O75386	O75386
P26885	P26885
P31260	P31260
P27487	P27487
P35052	P35052
Q13247	Q13247
P00492	P00492
P00492	Q9NRG1
Q53TN4	Q53TN4
Q8TD84	Q8TD84
Q96DZ1	Q96DZ1
Q3B820	Q3B820
Q96LA8	Q96LA8
P30101	P30101
Q5JPH6	Q5JPH6
Q1ED39	Q1ED39
O15294	O15294
Q9Y692	Q9Y692
Q96CS2	Q96CS2
Q86SJ2	Q86SJ2
Q9BSR8	Q9BSR8
Q9NX24	Q9NX24
O75525	O75525
O75525	Q5VWX1
P30533	P30533
Q14192	Q14192
Q14192	Q13643
Q8WXX5	Q8WXX5
Q96DT6	Q96DT6
P30038	P30038
Q14191	Q14191
P60468	P60468
P48556	P48556
Q8NEY4	Q8NEY4
P82909	P82909
P50222	P50222
Q14764	Q14764
P48960	P48960
Q9HCU0	Q9HCU0
O00541	O00541
Q6ZRP7	Q6ZRP7
Q9BSJ6	Q9BSJ6
Q9BZE1	Q9BZE1
Q96JQ2	Q96JQ2
Q9NX14	Q9NX14
Q14332	Q14332
P19622	P19622
P43243	P43243
Q96KP4	Q96KP4
Q9NWM8	Q9NWM8
Q9Y605	Q9Y605
Q9Y605	Q96HT8
Q5H9K5	Q5H9K5
Q15459	Q15459
Q5RKV6	Q5RKV6
Q8IZA0	Q8IZA0
Q9NPH3	Q9NPH3
Q13610	Q13610
P54886	P54886
Q8N2K0	Q8N2K0
Q5TAX3	Q5TAX3
P50750	P50750
P0CAP2	P0CAP2
P0C0L4	P0C0L4
P0C0L4	P0C0L5
Q92667	Q92667
Q9P244	Q9P244
Q8IY95	Q8IY95
P35611	P35611
P35611	P35612
P35611	Q9UEY8
Q6UN15	Q6UN15
Q9H3E2	Q9H3E2
Q8NEG0	Q8NEG0
O95425	O95425
P49427	P49427
Q9H857	Q9H857
Q9UK22	Q9UK22
Q9UHB7	Q9UHB7
Q9UHB7	P51825
P05204	P05204
P05204	O00479
Q8TC12	Q8TC12
Q8TC12	Q9HBH5
Q96HH9	Q96HH9
Q8IUH4	Q8IUH4
Q8IUH4	Q8IUH5
Q92692	Q92692
Q96FX8	Q96FX8
P42766	P42766
Q16186	Q16186
Q9HAV4	Q9HAV4
Q8TBE7	Q8TBE7
Q9H0U3	Q9H0U3
Q9H0U3	Q13454
Q92934	Q92934
Q9NRH1	Q9NRH1
Q96DP5	Q96DP5
Q86XI2	Q86XI2
Q8TBC3	Q8TBC3
O43813	O43813
O43813	Q9NS86
P61221	P61221
Q8N128	Q8N128
P53634	P53634
Q6ZUT9	Q6ZUT9
P61011	P61011
Q8N4Q1	Q8N4Q1
P53803	P53803
Q15842	Q15842
Q8WXE1	Q8WXE1
Q8TBK6	Q8TBK6
O60264	O60264
O60264	P28370
Q8WV24	Q8WV24
P54920	P54920
P46776	P46776
Q9BXP2	Q9BXP2
Q96E11	Q96E11
O60763	O60763
O43823	O43823
Q06547	Q06547
Q06547	Q8TAK5
P05981	P05981
Q8TB36	Q8TB36
Q16875	Q16875
Q9H6X2	Q9H6X2
Q7L523	Q7L523
Q7L523	Q5VZM2
Q9P2W9	Q9P2W9
Q1KMD3	Q1KMD3
Q1KMD3	Q00839
Q1KMD3	Q9BUJ2
Q9NRY5	Q9NRY5
O75881	O75881
Q9Y3T6	Q9Y3T6
Q9HCE1	Q9HCE1
P0C7W6	P0C7W6
P14735	P14735
Q92985	Q92985
Q13823	Q13823
Q15042	Q15042
Q96GE4	Q96GE4
O75794	O75794
Q9H257	Q9H257
O15259	O15259
P05114	P05114
Q9BT40	Q9BT40
Q7Z7M9	Q7Z7M9
Q9HA64	Q9HA64
A2AJT9	A2AJT9
Q15648	Q15648
Q7Z4F1	Q7Z4F1
Q9Y6Y0	Q9Y6Y0
Q8IXM3	Q8IXM3
Q14839	Q14839
Q14839	Q8TDI0
Q14839	Q12873
Q16512	Q16512
Q16512	Q16513
Q9H299	Q9H299
P48643	P48643
Q99661	Q99661
O43543	O43543
P26640	P26640
P22694	P22694
P22694	P17612
P22694	P51817
Q02809	Q02809
Q02809	O60568
Q02809	O00469
Q16543	Q16543
Q9NPG3	Q9NPG3
Q86U28	Q86U28
A6NMD0	A6NMD0
P0DP74	P0DP74
P0DP74	P0DP73
Q5T7M9	Q5T7M9
Q15058	Q15058
P10242	P10242
P10242	P10243
Q8IVU1	Q8IVU1
P57059	P57059
Q8TF40	Q8TF40
O94808	O94808
O94808	Q06210
O94782	O94782
Q14919	Q14919
Q86VW0	Q86VW0
P05155	P05155
Q5QJE6	Q5QJE6
Q8TCS8	Q8TCS8
P17936	P17936
Q3YEC7	Q3YEC7
P62899	P62899
Q96DB9	Q96DB9
Q6NZ67	Q6NZ67
P41235	P41235
Q9Y5Z0	Q9Y5Z0
P50213	P50213
P50213	P51553
Q12756	Q12756
P53597	P53597
Q9H492	Q9H492
Q9H492	Q9GZQ8
P62266	P62266
Q9NRP0	Q9NRP0
Q4G0G2	Q4G0G2
Q9NVH1	Q9NVH1
Q03405	Q03405
Q9UIL1	Q9UIL1
P15976	P15976
Q15427	Q15427
O14508	O14508
Q9ULK4	Q9ULK4
P54646	P54646
P54646	Q13131
O00116	O00116
O00189	O00189
Q9BYI3	Q9BYI3
P56277	P56277
Q99442	Q99442
Q9NRB3	Q9NRB3
Q8N357	Q8N357
Q13045	Q13045
Q9Y618	Q9Y618
Q9Y618	O75376
P55072	P55072
O15127	O15127
O15127	O15126
O15127	O14828
P30153	P30153
P30153	P30154
Q9NW15	Q9NW15
O43633	O43633
Q96AH0	Q96AH0
Q96AH0	Q9BQ15
Q9HC62	Q9HC62
Q96DF8	Q96DF8
Q15233	Q15233
Q15233	Q8WXF1
Q8IXJ9	Q8IXJ9
Q9UPS8	Q9UPS8
P50914	P50914
Q14469	Q14469
Q8N163	Q8N163
Q9Y3C1	Q9Y3C1
P08729	P08729
P08729	P05787
P08729	Q6KB66
Q8NBM4	Q8NBM4
Q53FV1	Q53FV1
Q13480	Q13480
Q01831	Q01831
O75147	O75147
Q8NC60	Q8NC60
Q86Y56	Q86Y56
Q8IY67	Q8IY67
O43439	O43439
Q12860	Q12860
Q12860	Q9UQ52
P10145	P10145
Q96RL1	Q96RL1
P52594	P52594
Q8N6N3	Q8N6N3
Q99615	Q99615
Q96JT2	Q96JT2
Q8NDB6	Q8NDB6
Q8WW38	Q8WW38
P10606	P10606
P06744	P06744
P61165	P61165
Q9Y463	Q9Y463
Q8WUB2	Q8WUB2
Q9UKA4	Q9UKA4
Q9NZV1	Q9NZV1
Q13478	Q13478
Q12800	Q12800
P42694	P42694
Q06033	Q06033
Q06033	Q14624
Q96PZ2	Q96PZ2
Q3ZCQ8	Q3ZCQ8
Q9UKF6	Q9UKF6
Q9NPC7	Q9NPC7
Q96L92	Q96L92
P11586	P11586
P11586	Q6UB35
Q12816	Q12816
P55010	P55010
Q9BVK6	Q9BVK6
Q96BI3	Q96BI3
Q2TAM9	Q2TAM9
Q9Y2G8	Q9Y2G8
O00257	O00257
Q9BY07	Q9BY07
Q9BY07	Q9Y6M7
Q8N682	Q8N682
Q96FC9	Q96FC9
Q9UHB9	Q9UHB9
Q9P0V3	Q9P0V3
Q9UIB8	Q9UIB8
Q9NTK5	Q9NTK5
Q92617	Q92617
P49643	P49643
Q13144	Q13144
Q16563	Q16563
O15031	O15031
O15446	O15446
Q9NXF1	Q9NXF1
P21291	P21291
P21291	Q16527
P30279	P30279
P30279	P30281
P30279	P24385
Q9Y3A5	Q9Y3A5
Q8NBW4	Q8NBW4
Q13200	Q13200
Q9H6T3	Q9H6T3
Q6NXG1	Q6NXG1
P50991	P50991
Q8NEZ5	Q8NEZ5
P53396	P53396
P25490	P25490
P10827	P10827
O60906	O60906
Q69YU5	Q69YU5
P04920	P04920
Q5VU97	Q5VU97
P15880	P15880
Q9H8M7	Q9H8M7
Q9HDC5	Q9HDC5
Q9HDC5	Q8WXH2
P35372	P35372
Q17RS7	Q17RS7
Q86UT5	Q86UT5
O95757	O95757
O95757	Q92598
O95757	P34932
Q9UI26	Q9UI26
Q16656	Q16656
Q6P2Q9	Q6P2Q9
Q5TAQ9	Q5TAQ9
P18847	P18847
Q93086	Q93086
Q92187	Q92187
Q86WN1	Q86WN1
Q6ZUJ4	Q6ZUJ4
Q9NRX2	Q9NRX2
Q04656	Q04656
Q9UHA4	Q9UHA4
Q96DM1	Q96DM1
P43155	P43155
Q96EY1	Q96EY1
P10515	P10515
Q29983	Q29983
Q8N6M3	Q8N6M3
Q71UI9	Q71UI9
Q71UI9	P0C0S5
Q71UI9	Q96QV6
Q71UI9	Q96KK5
Q71UI9	Q9BTM1
Q71UI9	Q16777
Q71UI9	Q93077
Q71UI9	Q6FI13
Q71UI9	P0C0S8
Q71UI9	P16104
Q71UI9	Q8IUE6
Q71UI9	Q99878
Q71UI9	P20671
Q71UI9	P04908
Q71UI9	Q7L7L0
P24539	P24539
P13984	P13984
Q9UP83	Q9UP83
Q9H173	Q9H173
Q8NI35	Q8NI35
Q8NI35	O75970
P06028	P06028
Q9NRN7	Q9NRN7
O00567	O00567
Q8TD20	Q8TD20
Q01433	Q01433
Q9NP84	Q9NP84
Q12846	Q12846
O15027	O15027
Q8TF44	Q8TF44
Q6PKC3	Q6PKC3
Q8NBX0	Q8NBX0
Q9UJJ9	Q9UJJ9
Q07864	Q07864
Q9NRA8	Q9NRA8
P59768	P59768
Q08257	Q08257
P23142	P23142
Q0P5N6	Q0P5N6
P53365	P53365
Q2QGD7	Q2QGD7
Q13415	Q13415
Q08AD1	Q08AD1
Q969I6	Q969I6
Q969I6	Q99624
Q969I6	Q9H2H9
Q969I6	Q96QD8
P04437	P04437
O75410	O75410
Q86XZ4	Q86XZ4
Q86XZ4	Q9NUQ6
P30049	P30049
Q9NQ66	Q9NQ66
Q9NQ66	Q01970
Q9HCY8	Q9HCY8
Q9NY12	Q9NY12
P05109	P05109
O43493	O43493
Q9NU19	Q9NU19
P13807	P13807
O43617	O43617
Q14202	Q14202
O75175	O75175
Q00587	Q00587
Q8IXJ6	Q8IXJ6
Q8IXJ6	Q9NTG7
Q8N5G2	Q8N5G2
Q9BWP8	Q9BWP8
O14662	O14662
P23508	P23508
P63010	P63010
Q86SE5	Q86SE5
Q86SE5	P07910
Q9BZE4	Q9BZE4
Q9NXS2	Q9NXS2
Q14966	Q14966
Q14807	Q14807
Q99704	Q99704
Q8TB96	Q8TB96
Q9NQL9	Q9NQL9
Q9NSC2	Q9NSC2
Q9NX63	Q9NX63
O15498	O15498
P42680	P42680
P12273	P12273
Q9H4G4	Q9H4G4
O75607	O75607
Q9UN37	Q9UN37
Q15051	Q15051
Q9NW68	Q9NW68
Q9BZ76	Q9BZ76
Q9BV38	Q9BV38
Q9ULV4	Q9ULV4
Q9ULV4	Q9BR76
Q9NX46	Q9NX46
O75529	O75529
O95994	O95994
P30260	P30260
Q9UBD5	Q9UBD5
Q01085	Q01085
Q9H1D9	Q9H1D9
Q9BQ50	Q9BQ50
A1L443	A1L443
P0DMV8	P0DMV8
P0DMV8	P11142
P0DMV8	P0DMV9
P0DMV8	P17066
P0DMV8	P38646
P0DMV8	P11021
P0DMV8	P34931
P0DMV8	P54652
O60245	O60245
O60245	Q08174
O60245	Q9HC56
O60245	Q9BZA7
Q5T0W9	Q5T0W9
Q9Y5Q9	Q9Y5Q9
O94916	O94916
Q96PU8	Q96PU8
Q9UM47	Q9UM47
Q9UM47	Q04721
Q9UM47	P46531
Q8WVD3	Q8WVD3
P17812	P17812
O95302	O95302
O95302	Q96AY3
Q96FS4	Q96FS4
Q6DD87	Q6DD87
Q9Y6A9	Q9Y6A9
Q9HC73	Q9HC73
Q8TEX9	Q8TEX9
Q6UXK2	Q6UXK2
Q9H1A4	Q9H1A4
Q99759	Q99759
Q14249	Q14249
O14681	O14681
P16278	P16278
Q9HD42	Q9HD42
Q9HD42	Q7LBR1
Q96RQ3	Q96RQ3
Q96RQ3	P05165
Q92734	Q92734
Q92545	Q92545
O75152	O75152
O43292	O43292
Q96FN5	Q96FN5
P35080	P35080
P35080	P07737
Q9H4K1	Q9H4K1
P55895	P55895
Q6GYQ0	Q6GYQ0
Q14690	Q14690
Q9NZ01	Q9NZ01
Q9P031	Q9P031
P40855	P40855
Q8WXE0	Q8WXE0
P60842	P60842
P60842	Q14240
P60842	P38919
P35558	P35558
P35558	Q16822
P30050	P30050
P17931	P17931
P10144	P10144
Q9Y394	Q9Y394
Q96RQ9	Q96RQ9
Q9BZF1	Q9BZF1
P00519	P00519
P00519	P42684
Q9HCJ5	Q9HCJ5
O15514	O15514
Q14393	Q14393
Q06481	Q06481
Q06481	P05067
P20226	P20226
P82673	P82673
P63241	P63241
Q7Z4G1	Q7Z4G1
P11308	P11308
Q8N5M9	Q8N5M9
Q8TCT9	Q8TCT9
Q96ME7	Q96ME7
P35659	P35659
Q16831	Q16831
P10586	P10586
P10586	Q13332
Q9Y3D0	Q9Y3D0
A0AV96	A0AV96
O75569	O75569
O75569	Q15633
P61758	P61758
P02538	P02538
P02538	P13647
P02538	O95678
P02538	P04259
P02538	P19013
P02538	P04264
P02538	P35908
P02538	Q86Y46
P02538	Q14CN4
P02538	O43790
P02538	Q14533
P02538	P78385
P52565	P52565
Q96S52	Q96S52
O60318	O60318
Q96DV4	Q96DV4
Q9HCK4	Q9HCK4
Q9HCK4	Q9Y6N7
Q99613	Q99613
Q9Y3F4	Q9Y3F4
O60237	O60237
O43592	O43592
P13489	P13489
P07237	P07237
P07237	Q13087
Q9H0J9	Q9H0J9
P0DP58	P0DP58
P51570	P51570
Q96CS3	Q96CS3
Q13433	Q13433
Q12962	Q12962
Q96G25	Q96G25
Q9C0F1	Q9C0F1
P46782	P46782
Q96CN9	Q96CN9
Q7Z6E9	Q7Z6E9
P23497	P23497
P20585	P20585
Q16633	Q16633
Q9UMS0	Q9UMS0
Q8N8Z6	Q8N8Z6
Q7Z2K6	Q7Z2K6
Q9H9A6	Q9H9A6
Q96HC4	Q96HC4
Q92522	Q92522
P46779	P46779
P17028	P17028
Q13432	Q13432
Q8WY22	Q8WY22
Q96AV8	Q96AV8
O94875	O94875
Q8HWS3	Q8HWS3
Q9UKY0	Q9UKY0
O75083	O75083
Q9UMS6	Q9UMS6
P55884	P55884
Q86UN3	Q86UN3
Q13444	Q13444
Q9UBP9	Q9UBP9
P42772	P42772
P42772	P42771
Q16832	Q16832
P49902	P49902
O15228	O15228
P58340	P58340
P62906	P62906
Q86XL3	Q86XL3
P62987	P62987
P62987	P62979
Q9NYF8	Q9NYF8
Q9NYF8	Q9Y2W1
Q8IYS2	Q8IYS2
O95399	O95399
Q9NXV2	Q9NXV2
Q9NXV2	Q14681
Q96ME1	Q96ME1
A6NIH7	A6NIH7
P40938	P40938
P46777	P46777
P18146	P18146
Q14914	Q14914
Q13263	Q13263
Q13217	Q13217
P78357	P78357
O43699	O43699
P40926	P40926
Q8IWA4	Q8IWA4
Q8IWA4	O95140
O43379	O43379
O43291	O43291
P20839	P20839
P20839	P12268
P83111	P83111
Q9Y2V7	Q9Y2V7
Q01082	Q01082
Q01082	O15020
Q01082	P11277
Q01082	Q9H254
P11413	P11413
O00566	O00566
Q8IWB1	Q8IWB1
Q8TAP4	Q8TAP4
Q9UGV2	Q9UGV2
Q9UGV2	Q92597
Q12770	Q12770
Q6PCB5	Q6PCB5
P55040	P55040
O43896	O43896
Q8NC44	Q8NC44
Q92966	Q92966
Q08334	Q08334
Q96FL9	Q96FL9
Q96FL9	Q8IUC8
Q96FL9	Q10472
Q96FL9	Q10471
Q96FL9	Q86SR1
P62875	P62875
Q9BTV4	Q9BTV4
O60725	O60725
P11137	P11137
Q96G21	Q96G21
Q6ZQX7	Q6ZQX7
Q9Y446	Q9Y446
P51812	P51812
P51812	Q15418
P51812	Q15349
O95872	O95872
Q9NPP4	Q9NPP4
Q5TGY1	Q5TGY1
P25101	P25101
P26022	P26022
Q9Y285	Q9Y285
Q9BRK4	Q9BRK4
Q92624	Q92624
Q8N9N7	Q8N9N7
O60341	O60341
Q8N884	Q8N884
Q504Q3	Q504Q3
Q9Y2S6	Q9Y2S6
P83731	P83731
Q13505	Q13505
P21580	P21580
Q15283	Q15283
P18583	P18583
P62714	P62714
P62714	O00743
P62714	P67775
P62714	P62136
P62714	P36873
P62714	P62140
Q92499	Q92499
Q8TBA6	Q8TBA6
P41440	P41440
Q9UJA3	Q9UJA3
Q13685	Q13685
O95486	O95486
O95486	O95487
Q96JF0	Q96JF0
Q7Z392	Q7Z392
Q9Y5L4	Q9Y5L4
Q9HCU5	Q9HCU5
Q9UHD2	Q9UHD2
Q9BYX4	Q9BYX4
Q6PJG6	Q6PJG6
Q9Y6N1	Q9Y6N1
Q9P0Z9	Q9P0Z9
Q7Z3S9	Q7Z3S9
P35548	P35548
Q8TBP6	Q8TBP6
Q33E94	Q33E94
Q92530	Q92530
P07305	P07305
Q6R327	Q6R327
P56556	P56556
O60656	O60656
O60656	P22309
O60656	P19224
O15504	O15504
P61009	P61009
Q9UNK0	Q9UNK0
P08133	P08133
Q5VWK5	Q5VWK5
Q9H497	Q9H497
P61604	P61604
P25205	P25205
Q96KR1	Q96KR1
Q9NZ43	Q9NZ43
Q8NFQ8	Q8NFQ8
Q6WCQ1	Q6WCQ1
O15439	O15439
P55735	P55735
Q6NXR0	Q6NXR0
P08237	P08237
P08237	P17858
P08237	Q01813
Q13753	Q13753
Q9NVJ2	Q9NVJ2
P24666	P24666
Q9H9E3	Q9H9E3
Q9NZQ3	Q9NZQ3
P32243	P32243
P32243	P32242
P32243	O43186
Q9NPJ3	Q9NPJ3
Q9NR33	Q9NR33
O43615	O43615
Q8N271	Q8N271
P46087	P46087
P80303	P80303
P80303	Q02818
P11279	P11279
P17987	P17987
Q16795	Q16795
Q8NFH3	Q8NFH3
O94927	O94927
Q99836	Q99836
Q96S44	Q96S44
P31930	P31930
P31930	O75439
Q9BZZ5	Q9BZZ5
Q30201	Q30201
P14618	P14618
Q969F0	Q969F0
Q14376	Q14376
Q9NUL7	Q9NUL7
O95819	O95819
O95819	Q9UKE5
Q53GL7	Q53GL7
O43405	O43405
P21281	P21281
P21281	P15313
O75955	O75955
O75955	Q14254
Q16643	Q16643
Q99650	Q99650
Q96BI1	Q96BI1
Q00610	Q00610
Q14209	Q14209
Q14209	O00716
Q14209	Q01094
Q8IWJ2	Q8IWJ2
Q15599	Q15599
Q15599	O14745
O94986	O94986
P31942	P31942
P12814	P12814
P12814	O43707
P34896	P34896
P34896	P34897
P40429	P40429
Q9HCJ1	Q9HCJ1
O00425	O00425
O00425	Q9Y6M1
P84101	P84101
Q53H47	Q53H47
P08246	P08246
Q8N4V1	Q8N4V1
P04150	P04150
Q9BVI4	Q9BVI4
P36382	P36382
P36382	P17302
Q9UNY4	Q9UNY4
Q96DT0	Q96DT0
O15021	O15021
P51858	P51858
Q96HS1	Q96HS1
Q14527	Q14527
P05362	P05362
P05362	P32942
O75170	O75170
O75170	Q9UPN7
O75170	Q5H9R7
Q96C34	Q96C34
P41218	P41218
P41218	Q6K0P9
P29083	P29083
Q96JM7	Q96JM7
P30566	P30566
Q27J81	Q27J81
Q00013	Q00013
Q9NRY2	Q9NRY2
Q9NXG0	Q9NXG0
P56199	P56199
P29033	P29033
Q13888	Q13888
Q9NWM3	Q9NWM3
Q99959	Q99959
O14907	O14907
Q15057	Q15057
P49207	P49207
Q8IY57	Q8IY57
Q7L5D6	Q7L5D6
Q9UHB6	Q9UHB6
Q14112	Q14112
Q6NXT6	Q6NXT6
Q14525	Q14525
Q14525	Q92764
Q14525	O76013
Q9ULQ1	Q9ULQ1
Q96EY7	Q96EY7
P56134	P56134
P46060	P46060
Q5U5X0	Q5U5X0
Q86UR1	Q86UR1
Q9Y385	Q9Y385
Q01081	Q01081
Q01081	P0DN76
P26038	P26038
P26038	P15311
P26038	P35241
P26038	P35240
P49711	P49711
Q9UHE5	Q9UHE5
Q8N998	Q8N998
Q14667	Q14667
Q9UBW7	Q9UBW7
Q9HCE9	Q9HCE9
Q53T94	Q53T94
Q16719	Q16719
Q8IZE3	Q8IZE3
Q9HBX3	Q9HBX3
Q14680	Q14680
P62081	P62081
Q13813	Q13813
Q96EP5	Q96EP5
P55160	P55160
P55160	Q9Y2A7
Q9BXD5	Q9BXD5
Q86WA6	Q86WA6
O95985	O95985
Q9NVL8	Q9NVL8
Q9GZX6	Q9GZX6
O14979	O14979
Q9BPX1	Q9BPX1
P07814	P07814
P09382	P09382
Q14653	Q14653
Q8ND30	Q8ND30
Q8ND30	Q86W92
P46459	P46459
P78356	P78356
Q13426	Q13426
Q53F19	Q53F19
Q13613	Q13613
P29144	P29144
Q86UE4	Q86UE4
P60059	P60059
Q9Y3B2	Q9Y3B2
Q96B02	Q96B02
Q99856	Q99856
Q96A35	Q96A35
Q9BV35	Q9BV35
Q9BV35	Q6NUK1
Q9NP80	Q9NP80
Q0VDE8	Q0VDE8
Q9UGI0	Q9UGI0
P05388	P05388
P05388	Q8NHW5
Q9H3R5	Q9H3R5
Q6ZPD9	Q6ZPD9
O75096	O75096
Q9UNW1	Q9UNW1
Q9BXN2	Q9BXN2
Q9UI12	Q9UI12
P13987	P13987
Q9H9S3	Q9H9S3
Q9H9S3	P61619
Q9BRL6	Q9BRL6
P56539	P56539
P56539	Q03135
Q9UPY3	Q9UPY3
Q9Y3Q3	Q9Y3Q3
Q9Y3Q3	Q9Y3B3
Q86UD5	Q86UD5
P06280	P06280
O43561	O43561
Q9Y399	Q9Y399
P58658	P58658
P49023	P49023
Q15631	Q15631
O14654	O14654
P35638	P35638
P48307	P48307
P31151	P31151
P10643	P10643
P54289	P54289
Q9UGP8	Q9UGP8
O14530	O14530
Q9UFG5	Q9UFG5
Q9Y6Y8	Q9Y6Y8
Q8N9U0	Q8N9U0
O14770	O14770
Q86SQ4	Q86SQ4
Q8NE01	Q8NE01
Q96IT1	Q96IT1
O75531	O75531
O43688	O43688
P23458	P23458
P23458	P29597
P62195	P62195
P62195	P17980
P62195	P62191
P62195	P43686
P62195	P62333
P62195	P35998
P11473	P11473
Q96EK7	Q96EK7
O95084	O95084
Q93009	Q93009
Q5T1M5	Q5T1M5
P26006	P26006
P48729	P48729
Q8IY37	Q8IY37
P02747	P02747
P02747	P02746
P02747	P02745
Q13829	Q13829
Q13829	Q8WZ19
Q13576	Q13576
Q13576	P46940
P54709	P54709
P19525	P19525
Q9HBE1	Q9HBE1
Q14106	Q14106
Q14106	P50616
Q5JQF8	Q5JQF8
Q9Y279	Q9Y279
P18848	P18848
P40313	P40313
Q96EP0	Q96EP0
Q8IYA8	Q8IYA8
O75360	O75360
Q96FV9	Q96FV9
P48723	P48723
Q16585	Q16585
Q8WUM0	Q8WUM0
P13796	P13796
P13796	P13797
P13796	Q14651
Q587I9	Q587I9
Q9H078	Q9H078
Q9GZP0	Q9GZP0
Q9BSY4	Q9BSY4
P55199	P55199
Q7Z5K2	Q7Z5K2
O14896	O14896
P27449	P27449
P35544	P35544
O60238	O60238
Q9Y6B2	Q9Y6B2
Q5R3I4	Q5R3I4
Q99075	Q99075
P22570	P22570
P08579	P08579
P49721	P49721
O43156	O43156
O14641	O14641
O14641	O14640
O14641	Q92997
P78396	P78396
Q7Z417	Q7Z417
Q15036	Q15036
P98194	P98194
Q9NPI7	Q9NPI7
O75608	O75608
P27695	P27695
Q13469	Q13469
P16234	P16234
P16234	P09619
P98179	P98179
P98179	Q14011
P01135	P01135
Q8NBP0	Q8NBP0
Q9NQE9	Q9NQE9
Q03169	Q03169
Q2TAA8	Q2TAA8
P28070	P28070
Q96RS6	Q96RS6
Q9UHP7	Q9UHP7
Q9UK41	Q9UK41
Q96A49	Q96A49
Q4U2R8	Q4U2R8
Q96BS2	Q96BS2
Q15750	Q15750
Q9H0A8	Q9H0A8
O75113	O75113
P25791	P25791
Q9BTW9	Q9BTW9
Q9H898	Q9H898
P02671	P02671
P32004	P32004
Q9UPQ3	Q9UPQ3
Q9UPQ3	Q96P47
Q68DX3	Q68DX3
Q9NX00	Q9NX00
O95684	O95684
O60487	O60487
Q9H1C4	Q9H1C4
Q8WW12	Q8WW12
Q9Y6N6	Q9Y6N6
Q9Y6N6	P11047
Q01469	Q01469
O43819	O43819
P83436	P83436
P84077	P84077
P84077	P84085
P84077	P61204
P84077	P62330
P84077	P18085
P84077	P40616
P84077	P36404
Q9C099	Q9C099
P61421	P61421
P57775	P57775
O00762	O00762
P67809	P67809
P67809	P16989
Q8IY31	Q8IY31
Q9NUP9	Q9NUP9
Q9NUP9	O14910
Q92953	Q92953
P13861	P13861
P13861	P31323
Q01113	Q01113
Q15008	Q15008
Q96BA8	Q96BA8
P08708	P08708
Q92844	Q92844
O43678	O43678
Q53H12	Q53H12
P51398	P51398
Q9H0E9	Q9H0E9
Q9H6W3	Q9H6W3
P00403	P00403
P04183	P04183
Q96RD7	Q96RD7
P08582	P08582
Q06190	Q06190
P35914	P35914
Q9UL40	Q9UL40
Q8IWA5	Q8IWA5
P61457	P61457
Q8WVF5	Q8WVF5
Q9H875	Q9H875
Q9P032	Q9P032
Q13148	Q13148
O43167	O43167
Q9HCM1	Q9HCM1
Q9UKM9	Q9UKM9
Q92905	Q92905
P61244	P61244
O96028	O96028
Q96JA3	Q96JA3
Q86UK7	Q86UK7
Q9NVA4	Q9NVA4
P60602	P60602
Q5T4B2	Q5T4B2
Q5T4B2	Q8NBJ5
O95081	O95081
Q9Y3A3	Q9Y3A3
Q9Y5Y0	Q9Y5Y0
Q9NYH9	Q9NYH9
Q01167	Q01167
Q01167	P85037
Q9NRX1	Q9NRX1
Q15043	Q15043
Q9ULH1	Q9ULH1
Q9Y6M5	Q9Y6M5
P09960	P09960
Q9Y247	Q9Y247
Q9Y247	Q14320
Q9GZT4	Q9GZT4
Q9HBG6	Q9HBG6
Q9BXK5	Q9BXK5
Q9BSE2	Q9BSE2
Q9Y606	Q9Y606
Q99707	Q99707
O43242	O43242
Q6ZN55	Q6ZN55
P19387	P19387
Q13561	Q13561
P23381	P23381
Q9GZX9	Q9GZX9
Q15056	Q15056
Q8N1S5	Q8N1S5
Q9HC35	Q9HC35
Q9ULM3	Q9ULM3
Q8WUX9	Q8WUX9
Q96SQ9	Q96SQ9
Q96TA2	Q96TA2
Q5RI15	Q5RI15
P56851	P56851
Q86VZ5	Q86VZ5
Q8IXI1	Q8IXI1
Q8IXI1	Q8IXI2
Q9UFC0	Q9UFC0
Q53EZ4	Q53EZ4
Q49A26	Q49A26
Q07960	Q07960
A8MXV4	A8MXV4
Q9UGP4	Q9UGP4
O95639	O95639
Q6JQN1	Q6JQN1
Q2YD98	Q2YD98
P35250	P35250
Q86V48	Q86V48
Q86YB8	Q86YB8
Q86YB8	Q96HE7
Q5VWJ9	Q5VWJ9
Q06609	Q06609
Q8WW59	Q8WW59
O75845	O75845
Q14457	Q14457
Q86XT9	Q86XT9
P08727	P08727
P08727	P08779
P08727	P35900
P08727	Q7Z3Y8
P08727	Q9C075
P08727	P05783
P08727	P19012
P08727	P13646
P08727	P02533
P08727	Q2M2I5
Q13283	Q13283
Q13283	Q9UN86
Q9ULC4	Q9ULC4
Q96GD4	Q96GD4
P50748	P50748
O15525	O15525
O94826	O94826
Q12849	Q12849
P62318	P62318
Q9ULK5	Q9ULK5
Q9ULK5	Q8TAA9
O43734	O43734
Q8TCN5	Q8TCN5
Q8NI27	Q8NI27
Q9BQQ3	Q9BQQ3
Q9BQQ3	Q9H8Y8
Q01581	Q01581
Q13151	Q13151
Q13151	P09651
Q13151	P51991
Q13151	P22626
Q13151	Q32P51
Q9NXR5	Q9NXR5
Q9UEU0	Q9UEU0
Q9BX79	Q9BX79
Q5HYK3	Q5HYK3
Q14692	Q14692
Q6PI77	Q6PI77
Q16718	Q16718
P61353	P61353
Q8TED0	Q8TED0
O75896	O75896
Q9Y3C4	Q9Y3C4
Q96MC5	Q96MC5
P57678	P57678
Q9NSE2	Q9NSE2
Q14738	Q14738
Q14738	Q13362
Q14738	Q15172
P13501	P13501
P13501	P13236
Q9Y490	Q9Y490
Q9NQZ6	Q9NQZ6
Q9H936	Q9H936
Q16533	Q16533
O43741	O43741
P78330	P78330
O95873	O95873
Q9NP66	Q9NP66
O00418	O00418
Q8WTS1	Q8WTS1
Q96GC5	Q96GC5
Q96AQ6	Q96AQ6
Q99962	Q99962
Q99962	Q99961
P56270	P56270
E9PAV3	E9PAV3
Q8TCE9	Q8TCE9
Q5W5X9	Q5W5X9
P10644	P10644
Q9NUU7	Q9NUU7
Q9NUU7	Q9UMR2
Q99575	Q99575
Q7L5N1	Q7L5N1
Q13445	Q13445
O75882	O75882
Q4VXU2	Q4VXU2
Q4VXU2	Q9H361
Q4VXU2	P11940
Q4VXU2	Q13310
P29372	P29372
Q8IUC0	Q8IUC0
P84103	P84103
Q9NYP3	Q9NYP3
Q9H3N1	Q9H3N1
Q6UWP8	Q6UWP8
O75179	O75179
O75179	Q8IWZ3
Q9H9Q2	Q9H9Q2
Q9H9Q2	Q9UBW8
Q9Y4E6	Q9Y4E6
Q9ULE0	Q9ULE0
Q9ULE0	Q8IX03
P40189	P40189
Q7Z3B4	Q7Z3B4
Q15287	Q15287
O75821	O75821
Q58DX5	Q58DX5
Q86VR2	Q86VR2
O00267	O00267
P38117	P38117
Q9Y257	Q9Y257
Q13546	Q13546
Q8TDX6	Q8TDX6
O14924	O14924
Q6NUM6	Q6NUM6
Q6NUM6	Q9NV66
Q9BQL6	Q9BQL6
Q9BQL6	Q96AC1
Q8NCH0	Q8NCH0
Q04323	Q04323
Q15022	Q15022
Q8IXU6	Q8IXU6
Q8IXU6	Q5T1Q4
P85299	P85299
Q9UJ37	Q9UJ37
P01034	P01034
Q9BYN8	Q9BYN8
Q9H0W5	Q9H0W5
Q6N069	Q6N069
Q8N7W2	Q8N7W2
A2RRP1	A2RRP1
Q9H4M9	Q9H4M9
Q9H4M9	Q9NZN4
O96008	O96008
Q2KHT3	Q2KHT3
P08047	P08047
Q5TC82	Q5TC82
Q5TC82	Q9HBD1
Q5VTL8	Q5VTL8
Q9H4P4	Q9H4P4
Q92785	Q92785
Q9BR77	Q9BR77
Q5VV42	Q5VV42
P84022	P84022
P84022	Q15796
Q92747	Q92747
Q92747	O15143
Q8NEC5	Q8NEC5
P62308	P62308
Q9P287	Q9P287
Q8WXD5	Q8WXD5
P09086	P09086
Q9HD45	Q9HD45
P08195	P08195
Q9BW85	Q9BW85
P05408	P05408
Q9NRW7	Q9NRW7
Q9C0B5	Q9C0B5
Q9C0B5	Q9ULC8
Q0VD86	Q0VD86
P47897	P47897
Q15386	Q15386
Q96LL9	Q96LL9
Q8NAN2	Q8NAN2
O94855	O94855
O94855	P53992
Q9Y376	Q9Y376
Q9NX62	Q9NX62
Q8N6Y0	Q8N6Y0
Q96QR8	Q96QR8
Q96QR8	Q00577
Q8WUK0	Q8WUK0
Q8TED1	Q8TED1
Q8NI38	Q8NI38
P02792	P02792
P02792	P02794
Q00341	Q00341
O75832	O75832
Q9Y6W3	Q9Y6W3
Q96P70	Q96P70
P26373	P26373
Q86UL8	Q86UL8
Q86UL8	Q96QZ7
Q86UL8	Q5TCQ9
P20073	P20073
P20073	P50995
Q9UER7	Q9UER7
Q8IZ07	Q8IZ07
Q9NQ31	Q9NQ31
Q9Y4B5	Q9Y4B5
Q92583	Q92583
P29218	P29218
P29218	O14732
O75747	O75747
O14936	O14936
O76031	O76031
Q8TDB6	Q8TDB6
Q6NUQ1	Q6NUQ1
Q8N5C6	Q8N5C6
Q96GQ7	Q96GQ7
O96011	O96011
P24557	P24557
Q6YHK3	Q6YHK3
P24001	P24001
Q92982	Q92982
P00367	P00367
P13667	P13667
P23229	P23229
O15037	O15037
Q96Q05	Q96Q05
P22234	P22234
O15226	O15226
Q5JSH3	Q5JSH3
Q8IXT5	Q8IXT5
O43399	O43399
Q9BRX8	Q9BRX8
P03886	P03886
P06396	P06396
O75146	O75146
Q8IVS2	Q8IVS2
O15287	O15287
Q9NR55	Q9NR55
Q5SWX8	Q5SWX8
O76024	O76024
Q14498	Q14498
Q49MG5	Q49MG5
O75251	O75251
Q9UIX4	Q9UIX4
Q9UDY2	Q9UDY2
P62854	P62854
P21673	P21673
Q9Y3U8	Q9Y3U8
Q9UBV2	Q9UBV2
Q96M63	Q96M63
Q16649	Q16649
O76003	O76003
O96000	O96000
Q15165	Q15165
P60981	P60981
P60981	Q9Y281
P60981	P23528
Q5TAP6	Q5TAP6
Q5TAP6	Q9BVJ6
Q9BS26	Q9BS26
Q13651	Q13651
O96017	O96017
Q9Y3R5	Q9Y3R5
Q8N6T3	Q8N6T3
O15067	O15067
Q99683	Q99683
Q9H2K0	Q9H2K0
O43572	O43572
Q6PGN9	Q6PGN9
Q9NP64	Q9NP64
Q9BYE7	Q9BYE7
Q9NS56	Q9NS56
O75064	O75064
Q9UKL0	Q9UKL0
O00411	O00411
Q6P995	Q6P995
O95989	O95989
Q9H2G4	Q9H2G4
Q9UNM6	Q9UNM6
Q96B96	Q96B96
Q8WVS4	Q8WVS4
P62857	P62857
O15379	O15379
O15379	Q13547
O15379	Q92769
Q8NHL6	Q8NHL6
Q16082	Q16082
Q9NYU1	Q9NYU1
Q9NYU1	Q9NYU2
Q8NEM0	Q8NEM0
P06576	P06576
P46778	P46778
Q9NVX0	Q9NVX0
P14868	P14868
Q13601	Q13601
Q6PK04	Q6PK04
P09038	P09038
P13497	P13497
Q9H0F6	Q9H0F6
Q96DU3	Q96DU3
P28562	P28562
P53671	P53671
O00442	O00442
P48454	P48454
P48454	Q08209
P48454	P16298
Q9GZR5	Q9GZR5
Q9GZR5	A1L3X0
Q9GZR5	Q9NYP7
Q9GZR5	Q9BW60
Q9Y4B6	Q9Y4B6
Q96BZ9	Q96BZ9
Q8N3X1	Q8N3X1
O15232	O15232
Q9NWQ8	Q9NWQ8
P15408	P15408
P15408	P01100
P35711	P35711
Q9BU23	Q9BU23
O60427	O60427
O60427	O95864
O95477	O95477
O95477	Q9BZC7
P25106	P25106
O60524	O60524
Q16665	Q16665
P62877	P62877
P62877	Q9UBF6
P49821	P49821
Q9H089	Q9H089
O94874	O94874
Q13370	Q13370
Q66K74	Q66K74
P55060	P55060
Q9BQ39	Q9BQ39
Q9BQ39	Q9NR30
Q15746	Q15746
P15260	P15260
Q9UL25	Q9UL25
Q8IYI6	Q8IYI6
Q15024	Q15024
Q8N983	Q8N983
Q12981	Q12981
Q99081	Q99081
Q9NZC7	Q9NZC7
Q9Y3D5	Q9Y3D5
Q15084	Q15084
P13500	P13500
P13500	P80098
Q9NXG6	Q9NXG6
Q99729	Q99729
Q99729	Q14103
O14672	O14672
Q13509	Q13509
Q13509	Q9BVA1
Q13509	A6NNZ2
Q13509	Q9BUF5
Q13509	P04350
Q13509	P07437
Q13509	Q13885
Q13509	Q9H4B7
Q13509	P68371
Q13509	Q3ZCM7
Q13509	Q71U36
Q13509	Q9NY65
Q13509	P68366
Q13509	Q6PEY2
Q13509	Q9BQE3
Q13509	P0DPH7
Q13509	P68363
Q13509	A6NHL2
Q96AE7	Q96AE7
Q9UBI1	Q9UBI1
O95831	O95831
Q9UHC7	Q9UHC7
Q9UHC7	Q13064
Q9UHC7	Q9H000
Q8N1B4	Q8N1B4
Q9BTU6	Q9BTU6
Q9BTU6	Q8TCG2
P51688	P51688
P26196	P26196
Q86TG7	Q86TG7
Q9Y2G5	Q9Y2G5
Q9NUQ9	Q9NUQ9
Q13242	Q13242
Q13242	Q07955
P34059	P34059
P32780	P32780
O15160	O15160
P81605	P81605
Q9NVV4	Q9NVV4
P41182	P41182
Q96FZ7	Q96FZ7
Q14139	Q14139
Q16828	Q16828
Q9UIG0	Q9UIG0
Q9ULW0	Q9ULW0
P36406	P36406
P30519	P30519
Q99755	Q99755
Q99755	O60331
P11217	P11217
P11217	P11216
P11217	P06737
P78545	P78545
Q9BUQ8	Q9BUQ8
Q00266	Q00266
Q00266	P31153
Q9Y6H1	Q9Y6H1
Q05BQ5	Q05BQ5
Q05BQ5	Q969R5
Q5TC12	Q5TC12
Q13510	Q13510
Q9HB21	Q9HB21
P42695	P42695
Q9BZH6	Q9BZH6
Q96B26	Q96B26
Q9UKX2	Q9UKX2
Q9UKX2	Q9Y623
Q9UKX2	P35749
Q9UKX2	P35579
Q9UKX2	P35580
Q9UKX2	Q7Z406
Q8IZU8	Q8IZU8
Q9Y2H9	Q9Y2H9
Q9Y2H9	Q6P0Q8
Q2KHT4	Q2KHT4
Q13232	Q13232
Q13232	O00746
Q13232	P15531
Q13232	P22392
Q9UNA3	Q9UNA3
O94913	O94913
Q9P2X0	Q9P2X0
Q9BWT1	Q9BWT1
P49755	P49755
Q9UDX5	Q9UDX5
Q13794	Q13794
Q96JN8	Q96JN8
Q969H8	Q969H8
Q7RTU7	Q7RTU7
Q9P2I0	Q9P2I0
Q86U38	Q86U38
Q9UKV0	Q9UKV0
Q9UKV0	Q8WUI4
Q9UKV0	P56524
Q9UKV0	Q9UQL6
P14555	P14555
Q8ND56	Q8ND56
Q8N5Y8	Q8N5Y8
Q99618	Q99618
Q9UBB5	Q9UBB5
Q9H074	Q9H074
Q08380	Q08380
Q92878	Q92878
O14653	O14653
O60437	O60437
P10074	P10074
Q07157	Q07157
P22695	P22695
Q3T906	Q3T906
Q14980	Q14980
Q9Y3I0	Q9Y3I0
P53999	P53999
Q09028	Q09028
Q09028	Q16576
Q9H6S0	Q9H6S0
P11387	P11387
Q9Y4L1	Q9Y4L1
P41229	P41229
P41229	P29375
Q9P0U3	Q9P0U3
Q8NFJ5	Q8NFJ5
P00390	P00390
P62314	P62314
O75534	O75534
Q92839	Q92839
Q8N2S1	Q8N2S1
Q5SW79	Q5SW79
Q8N2W9	Q8N2W9
A5PLL7	A5PLL7
Q6P1M0	Q6P1M0
Q6P1M0	Q6PCB7
Q96PM5	Q96PM5
P10599	P10599
Q9UKM7	Q9UKM7
P17844	P17844
P17844	Q92841
Q9UPT5	Q9UPT5
P51828	P51828
P51828	Q08462
P82932	P82932
Q9HBG7	Q9HBG7
P0DJI8	P0DJI8
P38936	P38936
O43557	O43557
Q9UMX0	Q9UMX0
Q9UMX0	Q9UHD9
Q9UMX0	Q9NRR5
Q6ZUT1	Q6ZUT1
Q9NPL8	Q9NPL8
O00505	O00505
O00505	O00629
O00505	P52292
O00505	O60684
O00505	P52294
Q9NZL4	Q9NZL4
Q9H3U1	Q9H3U1
Q08211	Q08211
Q9UNQ0	Q9UNQ0
P63172	P63172
P63172	P51808
Q9HB40	Q9HB40
Q8N8U2	Q8N8U2
P16070	P16070
Q5T2T1	Q5T2T1
P80188	P80188
Q9UJX4	Q9UJX4
O95363	O95363
P0DI81	P0DI81
Q9P1W9	Q9P1W9
Q02241	Q02241
Q13009	Q13009
Q9C0C9	Q9C0C9
Q969M3	Q969M3
P06730	P06730
P13645	P13645
P13645	P35527
P33991	P33991
Q6P499	Q6P499
Q13825	Q13825
Q13884	Q13884
Q13884	Q13425
P19105	P19105
P19105	O14950
Q9Y6C2	Q9Y6C2
Q9NWZ8	Q9NWZ8
O15258	O15258
Q9HC07	Q9HC07
O94842	O94842
Q07020	Q07020
A6NKD9	A6NKD9
Q8TEJ3	Q8TEJ3
Q8TEJ3	Q7Z6J0
Q5DX21	Q5DX21
Q86X19	Q86X19
Q9HAV0	Q9HAV0
Q9HAV0	P62873
Q9HAV0	P62879
Q9HAV0	P16520
Q9HAV0	O14775
Q9H330	Q9H330
P04216	P04216
P37268	P37268
Q96IX5	Q96IX5
Q16394	Q16394
P20290	P20290
Q13630	Q13630
O00468	O00468
Q9UG22	Q9UG22
Q9NVA2	Q9NVA2
Q9NVA2	Q9P0V9
Q9NVA2	Q92599
Q9NVA2	Q14141
Q9NVA2	Q16181
P05387	P05387
Q9NPB0	Q9NPB0
P14314	P14314
Q9NZ09	Q9NZ09
Q9NUQ2	Q9NUQ2
O95758	O95758
Q9BV94	Q9BV94
Q8ND90	Q8ND90
Q8NHU2	Q8NHU2
P08183	P08183
Q9H1E5	Q9H1E5
Q86WA9	Q86WA9
Q6Q795	Q6Q795
Q99627	Q99627
Q9UKJ1	Q9UKJ1
P35568	P35568
Q00973	Q00973
P51784	P51784
P51784	Q9Y4E8
Q8NDA8	Q8NDA8
P54105	P54105
Q99576	Q99576
O14744	O14744
P78423	P78423
P35249	P35249
Q9Y6X0	Q9Y6X0
Q7L190	Q7L190
Q9Y5B6	Q9Y5B6
Q9UKZ9	Q9UKZ9
Q9UKZ9	Q15113
P12036	P12036
Q9NPF0	Q9NPF0
P52758	P52758
Q9UHF7	Q9UHF7
O14763	O14763
O14763	O00220
P82912	P82912
P49368	P49368
Q92569	Q92569
P15586	P15586
Q9BUN8	Q9BUN8
P08621	P08621
O95202	O95202
P62316	P62316
Q9C0A6	Q9C0A6
P56597	P56597
P04062	P04062
P10914	P10914
P09936	P09936
Q16698	Q16698
Q92609	Q92609
Q92581	Q92581
Q92581	Q96T83
P49327	P49327
O75436	O75436
Q9P258	Q9P258
Q9Y4F1	Q9Y4F1
Q9NYB9	Q9NYB9
Q9NRD9	Q9NRD9
Q9NS15	Q9NS15
P48651	P48651
O43505	O43505
Q15155	Q15155
Q15155	Q5JPE7
Q8NEN9	Q8NEN9
Q9BY77	Q9BY77
Q9NSA3	Q9NSA3
P46937	P46937
Q9NV23	Q9NV23
P11766	P11766
Q96IJ6	Q96IJ6
O43826	O43826
O15111	O15111
O15111	O14920
P43121	P43121
Q8IWS0	Q8IWS0
P10646	P10646
Q9H7B2	Q9H7B2
Q12796	Q12796
Q5T3I0	Q5T3I0
Q9ULJ6	Q9ULJ6
P42356	P42356
Q9H900	Q9H900
P12110	P12110
Q9ULJ7	Q9ULJ7
Q5M9N0	Q5M9N0
P21266	P21266
Q5T5P2	Q5T5P2
Q8IWD4	Q8IWD4
O14975	O14975
O95236	O95236
Q9Y2U8	Q9Y2U8
P01730	P01730
Q9NRZ7	Q9NRZ7
Q9NRZ7	Q9NRZ5
Q8TAP6	Q8TAP6
Q9NS37	Q9NS37
Q13219	Q13219
Q9BYD6	Q9BYD6
Q9Y282	Q9Y282
Q9HD33	Q9HD33
Q9H845	Q9H845
Q9H845	P49748
Q8TEM1	Q8TEM1
Q5M775	Q5M775
Q969H6	Q969H6
A0FGR8	A0FGR8
Q14699	Q14699
P14210	P14210
P07919	P07919
Q02878	Q02878
P40925	P40925
Q969E2	Q969E2
Q96F46	Q96F46
O00255	O00255
P31431	P31431
P31431	P34741
O95428	O95428
Q9UMS4	Q9UMS4
P27540	P27540
P49913	P49913
Q9NPQ8	Q9NPQ8
Q9Y6H8	Q9Y6H8
P26368	P26368
O95429	O95429
Q7Z402	Q7Z402
Q9GZU7	Q9GZU7
Q9GZU7	O14595
Q15020	Q15020
O00192	O00192
O00192	O60716
P06756	P06756
Q96SI1	Q96SI1
P98082	P98082
Q9H1M0	Q9H1M0
Q96BM0	Q96BM0
Q96BM0	P40305
O43663	O43663
Q01860	Q01860
Q9NRX4	Q9NRX4
Q12948	Q12948
O75027	O75027
P37198	P37198
P22102	P22102
P01871	P01871
P49750	P49750
O76094	O76094
O96018	O96018
Q63ZY6	Q63ZY6
O60563	O60563
O60563	O60583
Q96NY8	Q96NY8
O75503	O75503
Q5T440	Q5T440
Q5T749	Q5T749
Q7Z6B0	Q7Z6B0
Q13503	Q13503
Q8N1F7	Q8N1F7
Q9UBV8	Q9UBV8
Q9H2K2	Q9H2K2
Q9H2K2	O95271
Q13409	Q13409
Q4VCS5	Q4VCS5
Q5VSY0	Q5VSY0
Q9UHG3	Q9UHG3
Q99460	Q99460
Q7L622	Q7L622
P17900	P17900
Q9H0D6	Q9H0D6
Q6ZMV9	Q6ZMV9
Q53EU6	Q53EU6
Q53EU6	Q86UL3
Q7Z3E5	Q7Z3E5
Q66K64	Q66K64
Q08AF3	Q08AF3
Q08AF3	Q7Z7L1
O94832	O94832
O94832	O00159
O94832	O43795
O43395	O43395
P07199	P07199
Q16659	Q16659
Q8TAB3	Q8TAB3
P84157	P84157
Q86YV9	Q86YV9
Q7Z4N8	Q7Z4N8
Q8WWH5	Q8WWH5
Q9UQ26	Q9UQ26
Q9UQ26	Q86UR5
O60347	O60347
Q8N2X6	Q8N2X6
Q9H329	Q9H329
P62834	P62834
P62834	Q9Y3L5
P62834	P61224
P62834	P01112
P62834	P01111
P62834	P62070
P62834	P10301
P62834	P11233
P62834	O14807
P62834	Q15382
Q4G0J3	Q4G0J3
P36551	P36551
O60858	O60858
Q6IC98	Q6IC98
P13693	P13693
Q8NAP3	Q8NAP3
Q96GA3	Q96GA3
O14787	O14787
O14787	Q92973
Q96T68	Q96T68
Q86V42	Q86V42
Q5T280	Q5T280
Q9BSH4	Q9BSH4
Q99496	Q99496
Q99496	Q06587
Q9NWS9	Q9NWS9
Q9UM54	Q9UM54
Q8WWY3	Q8WWY3
P00533	P00533
P00533	P04626
Q9H6L5	Q9H6L5
Q96LT7	Q96LT7
Q8N5T2	Q8N5T2
P60228	P60228
P55899	P55899
Q15904	Q15904
P17693	P17693
P17693	P01889
P17693	P04439
P17693	P10321
P08887	P08887
O60603	O60603
Q9H1E3	Q9H1E3
O14818	O14818
Q9UIV1	Q9UIV1
P07602	P07602
Q3MJ40	Q3MJ40
Q9UKX7	Q9UKX7
Q14CX7	Q14CX7
P23396	P23396
P08243	P08243
Q86SZ2	Q86SZ2
Q58WW2	Q58WW2
Q9Y4P3	Q9Y4P3
Q9Y673	Q9Y673
Q9Y624	Q9Y624
O15213	O15213
P10176	P10176
Q969N2	Q969N2
O00443	O00443
Q8NC51	Q8NC51
Q96MU7	Q96MU7
Q15369	Q15369
Q9BTX1	Q9BTX1
P53355	P53355
Q96HV5	Q96HV5
P05198	P05198
Q9NZM3	Q9NZM3
Q9NZM3	Q15811
O15047	O15047
Q14494	Q14494
Q9Y2G9	Q9Y2G9
O00519	O00519
Q9NVR2	Q9NVR2
P50416	P50416
Q9H6D7	Q9H6D7
P78563	P78563
Q9NTJ3	Q9NTJ3
Q96RN5	Q96RN5
O00499	O00499
O14544	O14544
P49591	P49591
Q96D05	Q96D05
P13196	P13196
O43559	O43559
O43559	Q8WU20
Q9NPG1	Q9NPG1
Q9NPG1	O60353
Q15654	Q15654
Q92552	Q92552
Q8IXM2	Q8IXM2
Q13563	Q13563
Q5JRA6	Q5JRA6
Q9NR82	Q9NR82
P28799	P28799
Q96RS0	Q96RS0
Q92876	Q92876
O60783	O60783
P31948	P31948
O43513	O43513
Q5H9U9	Q5H9U9
Q00169	Q00169
O43251	O43251
O75880	O75880
P78381	P78381
P49069	P49069
Q9NS69	Q9NS69
Q00688	Q00688
Q13459	Q13459
Q9Y5A6	Q9Y5A6
Q9Y5A6	Q6NSZ9
Q9UJ41	Q9UJ41
P48061	P48061
Q6IN84	Q6IN84
O75528	O75528
O75911	O75911
O75427	O75427
Q9BV81	Q9BV81
P12004	P12004
Q14493	Q14493
Q7Z3U7	Q7Z3U7
P30305	P30305
P61158	P61158
P50454	P50454
Q9H2G9	Q9H2G9
Q6ZN66	Q6ZN66
P53680	P53680
P53680	P56377
P53680	P61966
O95235	O95235
Q8TEQ8	Q8TEQ8
P29992	P29992
P29992	P09471
P29992	P04899
P29992	P08754
P29992	A8MTJ3
P68104	P68104
P68104	Q05639
P68104	Q5VTE0
O75694	O75694
P19419	P19419
Q9C0H2	Q9C0H2
P39060	P39060
P02760	P02760
Q8N697	Q8N697
Q9NX07	Q9NX07
O75674	O75674
Q96GM8	Q96GM8
Q96JC1	Q96JC1
Q7L2E3	Q7L2E3
O43570	O43570
P30740	P30740
P30740	Q96P63
Q9BTY2	Q9BTY2
Q9Y3A4	Q9Y3A4
P51798	P51798
Q14244	Q14244
Q6DCA0	Q6DCA0
O95153	O95153
Q8IUX4	Q8IUX4
Q8IUX4	Q9HC16
P20936	P20936
Q15628	Q15628
P10747	P10747
Q12899	Q12899
P43034	P43034
Q15054	Q15054
Q5T0F9	Q5T0F9
Q5T0F9	Q6P1N0
Q9BTC8	Q9BTC8
Q9BTC8	Q13330
Q9BTC8	O94776
Q96B23	Q96B23
Q13435	Q13435
Q9NX08	Q9NX08
P02649	P02649
Q68D91	Q68D91
P09622	P09622
Q00796	Q00796
Q92804	Q92804
Q8IYB3	Q8IYB3
P42704	P42704
P62263	P62263
Q8TAD4	Q8TAD4
P14373	P14373
P31689	P31689
P31689	Q8WW22
P31689	O60884
O00429	O00429
O00429	P50570
Q9Y6M4	Q9Y6M4
P36915	P36915
O60218	O60218
O60218	P15121
O60218	P52895
O60218	P42330
O60218	P14550
Q92604	Q92604
Q92611	Q92611
O00124	O00124
P04733	P04733
P04733	P02795
P49459	P49459
P49459	P51668
P49459	P62837
P49459	P63279
Q3YBM2	Q3YBM2
Q8TF65	Q8TF65
Q8TF65	O14908
O76095	O76095
Q9HD26	Q9HD26
Q29RF7	Q29RF7
Q29RF7	Q9NTI5
O00203	O00203
Q9Y6D9	Q9Y6D9
Q9UBE0	Q9UBE0
Q9UHD8	Q9UHD8
P15498	P15498
P15498	P52735
Q05516	Q05516
Q8N6Q1	Q8N6Q1
P36952	P36952
Q86VE9	Q86VE9
Q13404	Q13404
P43250	P43250
Q9BRH9	Q9BRH9
Q9BRH9	Q9BX82
Q9BRH9	Q8TF32
Q9BRH9	P51523
Q9BRH9	Q9NZL3
Q9BRH9	Q16587
Q9BRH9	Q08ER8
Q9BRH9	Q68DY1
Q9BRH9	Q8TBZ5
Q13895	Q13895
Q06124	Q06124
Q06124	P29350
Q8IUD6	Q8IUD6
P24863	P24863
O76071	O76071
P46527	P46527
Q96S65	Q96S65
Q92535	Q92535
P12109	P12109
Q8TEB1	Q8TEB1
P48509	P48509
Q5VWZ2	Q5VWZ2
Q7Z3E2	Q7Z3E2
O95622	O95622
O95622	O43306
O95622	P40145
A6NMZ7	A6NMZ7
Q9Y6X1	Q9Y6X1
Q6PF18	Q6PF18
Q96N66	Q96N66
Q6P4A8	Q6P4A8
Q8WV44	Q8WV44
O15554	O15554
Q9BRF8	Q9BRF8
P11441	P11441
O95210	O95210
O95999	O95999
Q8WW34	Q8WW34
Q9UBP4	Q9UBP4
Q9UJF2	Q9UJF2
Q9UJF2	Q5VWQ8
Q5K4L6	Q5K4L6
Q13137	Q13137
Q9BRJ7	Q9BRJ7
Q96BJ8	Q96BJ8
Q8N5U6	Q8N5U6
Q96LI6	Q96LI6
P28300	P28300
P17706	P17706
P17706	P18031
O60879	O60879
O60879	Q9NSV4
O60879	O60610
P69905	P69905
P69905	P69892
Q13347	Q13347
P62280	P62280
Q96SY0	Q96SY0
Q7Z6J9	Q7Z6J9
Q9UKT4	Q9UKT4
P58557	P58557
P57738	P57738
Q92993	Q92993
Q9Y619	Q9Y619
Q96SK2	Q96SK2
Q99439	Q99439
Q99439	Q15417
P04156	P04156
P06400	P06400
Q92544	Q92544
Q92544	Q99805
P35613	P35613
P35613	Q9Y639
Q9UK99	Q9UK99
Q13308	Q13308
P00739	P00739
P00739	P00738
Q9Y4P9	Q9Y4P9
Q6NXP0	Q6NXP0
Q13557	Q13557
Q13557	Q13555
Q08117	Q08117
Q96KG9	Q96KG9
Q9NQG5	Q9NQG5
Q9H1Y0	Q9H1Y0
Q9H490	Q9H490
Q6P9G4	Q6P9G4
Q9Y5S2	Q9Y5S2
P22087	P22087
Q9UG63	Q9UG63
O14497	O14497
Q99640	Q99640
Q96J84	Q96J84
Q96J84	Q8IZU9
Q96EC8	Q96EC8
Q8N4Y2	Q8N4Y2
O43847	O43847
Q6P5S2	Q6P5S2
P13995	P13995
Q8N1W1	Q8N1W1
Q9BRV3	Q9BRV3
P50990	P50990
Q8WVC6	Q8WVC6
Q14728	Q14728
Q86Y07	Q86Y07
P0CG13	P0CG13
Q9NX40	Q9NX40
Q3SXY8	Q3SXY8
Q8IYJ0	Q8IYJ0
Q04725	Q04725
P35219	P35219
Q6ZP80	Q6ZP80
Q9H0V9	Q9H0V9
Q9H0V9	Q12907
P25116	P25116
P43115	P43115
Q96L21	Q96L21
P18615	P18615
P09601	P09601
Q92542	Q92542
Q8NDX5	Q8NDX5
Q96GN5	Q96GN5
Q96AE4	Q96AE4
Q96AE4	Q92945
Q96AE4	Q96I24
Q92546	Q92546
P55196	P55196
Q8IWF6	Q8IWF6
P49790	P49790
P42336	P42336
P42336	P42338
Q96PD5	Q96PD5
Q8NI08	Q8NI08
Q9UPY5	Q9UPY5
Q9UPY5	Q92536
Q9UPY5	Q01650
Q15047	Q15047
Q9BUP3	Q9BUP3
Q9Y337	Q9Y337
Q4G0N4	Q4G0N4
Q8NEJ9	Q8NEJ9
P30411	P30411
P03923	P03923
Q5BJE1	Q5BJE1
Q15041	Q15041
Q9BRS2	Q9BRS2
Q9NWC5	Q9NWC5
Q13618	Q13618
P99999	P99999
O15438	O15438
O15438	P33527
O15438	Q92887
P36542	P36542
Q13309	Q13309
A0MZ66	A0MZ66
Q13617	Q13617
Q5T8I9	Q5T8I9
Q9NP98	Q9NP98
O95841	O95841
Q9BS18	Q9BS18
Q8WW24	Q8WW24
O00458	O00458
O00458	Q12894
P82921	P82921
Q5T2S8	Q5T2S8
Q8N766	Q8N766
Q12931	Q12931
Q9GZR2	Q9GZR2
Q71UM5	Q71UM5
Q71UM5	P42677
O60291	O60291
Q14696	Q14696
Q8TD43	Q8TD43
Q9Y3D3	Q9Y3D3
Q9Y3C5	Q9Y3C5
Q53HC0	Q53HC0
Q7Z7C8	Q7Z7C8
Q9NWF9	Q9NWF9
P82930	P82930
Q9BVL2	Q9BVL2
P56706	P56706
P56706	P41221
Q8NBZ7	Q8NBZ7
P18077	P18077
O95219	O95219
Q8WU76	Q8WU76
P09132	P09132
P19388	P19388
Q9NP72	Q9NP72
Q9Y272	Q9Y272
Q05086	Q05086
O96013	O96013
P07196	P07196
P17096	P17096
O60503	O60503
P31040	P31040
Q00653	Q00653
Q00653	P19838
Q15269	Q15269
Q9H0X4	Q9H0X4
O14777	O14777
O75494	O75494
Q86T75	Q86T75
P28074	P28074
P28074	P28062
Q08J23	Q08J23
Q53HI1	Q53HI1
Q7L2H7	Q7L2H7
O00622	O00622
Q14145	Q14145
Q9UKU6	Q9UKU6
O43927	O43927
Q969Y0	Q969Y0
Q9Y6H3	Q9Y6H3
Q8NFA0	Q8NFA0
Q8NFA0	P35125
Q96F45	Q96F45
Q14004	Q14004
P84090	P84090
Q8IY18	Q8IY18
P09661	P09661
Q9NZJ5	Q9NZJ5
Q6P3X3	Q6P3X3
Q6PIU2	Q6PIU2
Q6ZN17	Q6ZN17
Q14684	Q14684
Q9BT43	Q9BT43
Q86TI2	Q86TI2
Q8IZH2	Q8IZH2
Q15363	Q15363
Q8N5N7	Q8N5N7
Q9H902	Q9H902
O95229	O95229
P57078	P57078
O75891	O75891
O75891	Q3SY69
Q14019	Q14019
Q16678	Q16678
P15927	P15927
Q8IWA0	Q8IWA0
Q15006	Q15006
Q9Y371	Q9Y371
Q05D60	Q05D60
Q5VWQ0	Q5VWQ0
Q71SY5	Q71SY5
O75964	O75964
P56182	P56182
O14933	O14933
Q9Y3M9	Q9Y3M9
Q13886	Q13886
Q13886	Q9BXK1
O95190	O95190
Q6NYC8	Q6NYC8
Q9Y2T2	Q9Y2T2
Q9Y6C9	Q9Y6C9
Q9UK58	Q9UK58
Q8N5F7	Q8N5F7
Q9P015	Q9P015
Q8WVQ1	Q8WVQ1
P27797	P27797
Q7Z3T8	Q7Z3T8
P11274	P11274
P46734	P46734
Q8IZ69	Q8IZ69
P04406	P04406
P62917	P62917
Q9BXU7	Q9BXU7
Q9BXU7	Q9HBJ7
Q96SB4	Q96SB4
Q96SB4	P78362
P07766	P07766
Q7L804	Q7L804
P15954	P15954
Q8NC67	Q8NC67
O75886	O75886
O75886	Q92783
Q76N89	Q76N89
Q99471	Q99471
O94898	O94898
O94898	Q6UXM1
O94898	Q96JA1
P57105	P57105
P52435	P52435
P00414	P00414
Q7L211	Q7L211
P14672	P14672
P14672	P11169
P14672	P11166
Q9NRX5	Q9NRX5
Q9BZL4	Q9BZL4
P40692	P40692
Q9NZF1	Q9NZF1
Q9UM13	Q9UM13
O95971	O95971
Q17RY0	Q17RY0
Q12968	Q12968
Q7Z7L7	Q7Z7L7
Q96DA0	Q96DA0
P15514	P15514
Q9UBQ7	Q9UBQ7
Q10588	Q10588
Q92922	Q92922
Q92922	Q8TAQ2
Q9H1A3	Q9H1A3
Q14542	Q14542
Q14542	Q99808
Q9Y2I1	Q9Y2I1
O43825	O43825
Q01826	Q01826
Q9NR56	Q9NR56
Q96EA4	Q96EA4
Q86UW2	Q86UW2
O43324	O43324
Q8NEW0	Q8NEW0
O75354	O75354
Q7L2J0	Q7L2J0
P49585	P49585
Q96J86	Q96J86
Q9Y2X3	Q9Y2X3
P17813	P17813
P30626	P30626
P30626	P28676
Q9NZ45	Q9NZ45
Q9NZ45	Q8N5K1
O95182	O95182
P51508	P51508
Q14116	Q14116
Q9UKV5	Q9UKV5
Q9GZM7	Q9GZM7
Q8WVR3	Q8WVR3
O94979	O94979
Q8TBQ9	Q8TBQ9
O43805	O43805
P10809	P10809
Q08357	Q08357
Q08357	Q8WUM9
O00206	O00206
P08123	P08123
P08123	P05997
P17544	P17544
P17544	P15336
Q9NUN5	Q9NUN5
P04196	P04196
O75688	O75688
Q8TAE8	Q8TAE8
Q9Y2R5	Q9Y2R5
Q96AD5	Q96AD5
Q9Y672	Q9Y672
Q9Y296	Q9Y296
Q9BVC4	Q9BVC4
O60271	O60271
P02766	P02766
Q96DA6	Q96DA6
Q12893	Q12893
Q8TEL6	Q8TEL6
Q5M7Z0	Q5M7Z0
P0DP23	P0DP23
P0DP23	P60660
P0DP23	Q9NZT1
P0DP23	P41208
O75695	O75695
Q2TAA5	Q2TAA5
Q14CB8	Q14CB8
Q9BWE0	Q9BWE0
Q5SYE7	Q5SYE7
Q5SNT2	Q5SNT2
P48735	P48735
Q13077	Q13077
P78344	P78344
Q9HD23	Q9HD23
Q92466	Q92466
Q14118	Q14118
Q8N5Z5	Q8N5Z5
Q9BQP7	Q9BQP7
Q8IWB9	Q8IWB9
Q9BWL3	Q9BWL3
Q15428	Q15428
Q96A54	Q96A54
P55774	P55774
P55774	P10147
Q5MNZ6	Q5MNZ6
Q9UJV9	Q9UJV9
Q9P035	Q9P035
P15151	P15151
Q13342	Q13342
Q96KQ7	Q96KQ7
Q9HCL0	Q9HCL0
Q15018	Q15018
Q6P1K1	Q6P1K1
Q8N594	Q8N594
Q9NP87	Q9NP87
P62068	P62068
P62068	O75317
O94992	O94992
Q99848	Q99848
Q9NPD8	Q9NPD8
Q9H0R3	Q9H0R3
Q99714	Q99714
P53567	P53567
Q6VMQ6	Q6VMQ6
P03956	P03956
Q8WV22	Q8WV22
Q8N543	Q8N543
Q6ZXV5	Q6ZXV5
Q9BRV8	Q9BRV8
Q8TC07	Q8TC07
P16615	P16615
Q9NV96	Q9NV96
Q9H8L6	Q9H8L6
Q96CW5	Q96CW5
Q9NY61	Q9NY61
Q6PJ61	Q6PJ61
Q96NW7	Q96NW7
Q8TF74	Q8TF74
P26583	P26583
P26583	P09429
Q15050	Q15050
P28749	P28749
P28749	Q08999
Q15485	Q15485
Q96QD9	Q96QD9
P29474	P29474
Q96DX4	Q96DX4
H0YL14	H0YL14
Q68CZ2	Q68CZ2
Q9ULJ1	Q9ULJ1
P30990	P30990
Q8IXK0	Q8IXK0
P60174	P60174
Q9P0V8	Q9P0V8
Q6IB77	Q6IB77
Q9Y3E0	Q9Y3E0
Q6P1L8	Q6P1L8
Q07666	Q07666
O94906	O94906
Q96GY0	Q96GY0
P26641	P26641
Q14683	Q14683
Q86SF2	Q86SF2
O60476	O60476
P04004	P04004
Q5JTZ9	Q5JTZ9
E9PRG8	E9PRG8
Q9UP95	Q9UP95
Q9UP95	Q9Y666
Q9UP95	Q9UHW9
Q8N5Q1	Q8N5Q1
Q86VU5	Q86VU5
O75132	O75132
Q16531	Q16531
Q9H190	Q9H190
Q9H190	O00560
Q5JV73	Q5JV73
P63220	P63220
Q14444	Q14444
Q9C026	Q9C026
Q8WZ71	Q8WZ71
Q02413	Q02413
Q96F86	Q96F86
Q4ZHG4	Q4ZHG4
O15400	O15400
O15400	Q86Y82
P20248	P20248
Q8N2G8	Q8N2G8
Q9Y5K5	Q9Y5K5
O00311	O00311
Q96FJ2	Q96FJ2
Q96FJ2	P63167
P14923	P14923
P14923	P35222
P11684	P11684
P57740	P57740
P20810	P20810
Q9C0K0	Q9C0K0
Q8WZ64	Q8WZ64
P25963	P25963
O75094	O75094
O75094	O94813
P02765	P02765
Q9Y3A2	Q9Y3A2
Q1MSJ5	Q1MSJ5
P14209	P14209
Q7RTP0	Q7RTP0
O15269	O15269
P04844	P04844
Q86SS6	Q86SS6
Q96KP1	Q96KP1
Q15813	Q15813
P50542	P50542
Q9NXE4	Q9NXE4
P61313	P61313
P41227	P41227
P15259	P15259
P15259	P18669
Q9NRF9	Q9NRF9
Q92574	Q92574
Q13443	Q13443
Q8N448	Q8N448
Q8N448	Q8TBB1
Q13105	Q13105
Q5VYK3	Q5VYK3
Q5W0U4	Q5W0U4
Q9Y6Q5	Q9Y6Q5
Q9Y6Q5	Q9BXS5
P08571	P08571
P78317	P78317
Q12946	Q12946
Q8NC56	Q8NC56
Q9NSY1	Q9NSY1
P10398	P10398
P10398	P04049
Q02846	Q02846
P07942	P07942
P07942	P55268
Q8IUR0	Q8IUR0
Q13049	Q13049
P54098	P54098
O14578	O14578
P05549	P05549
Q96T88	Q96T88
Q5VTR2	Q5VTR2
Q5VTR2	O75150
Q7Z695	Q7Z695
Q8NBQ5	Q8NBQ5
Q8NBQ5	Q7Z5P4
Q8NBQ5	Q8N3Y7
Q8NBQ5	Q8IZV5
O95400	O95400
Q8NCP5	Q8NCP5
P33992	P33992
Q96EY4	Q96EY4
Q658Y4	Q658Y4
P13073	P13073
Q5VVJ2	Q5VVJ2
O94885	O94885
Q6NXT4	Q6NXT4
Q5HYI8	Q5HYI8
Q2TB90	Q2TB90
Q2TB90	P19367
Q2TB90	P52789
Q9NRD5	Q9NRD5
Q9H8X9	Q9H8X9
P16435	P16435
P14678	P14678
P14678	P63162
P14324	P14324
Q8WVV5	Q8WVV5
Q8WVV5	Q7KYR7
Q8WVV5	O00478
Q9NX74	Q9NX74
Q9Y2D8	Q9Y2D8
Q2TAY7	Q2TAY7
Q96RT7	Q96RT7
Q96EF6	Q96EF6
P42892	P42892
Q92974	Q92974
Q9Y291	Q9Y291
Q9C019	Q9C019
Q13112	Q13112
Q15007	Q15007
Q9NX05	Q9NX05
Q9NX05	Q9NZB2
Q56VL3	Q56VL3
Q9BYV2	Q9BYV2
Q9UNN8	Q9UNN8
Q13011	Q13011
P0CB38	P0CB38
P0CB38	Q96DU9
Q8TCP9	Q8TCP9
P48163	P48163
P49257	P49257
Q9UQF2	Q9UQF2
Q9BV23	Q9BV23
Q86YL5	Q86YL5
P45880	P45880
P45880	Q9Y277
P45880	P21796
Q8IXB1	Q8IXB1
Q7Z3D4	Q7Z3D4
P05026	P05026
Q86VM9	Q86VM9
P78556	P78556
Q969V5	Q969V5
Q99750	Q99750
Q96N03	Q96N03
Q53FD0	Q53FD0
Q9UH92	Q9UH92
Q96KC8	Q96KC8
Q13155	Q13155
P13637	P13637
P13637	P05023
P13637	P54707
P19447	P19447
Q9UJS0	Q9UJS0
Q9UJS0	O75746
Q9H0U9	Q9H0U9
O95361	O95361
Q8NDV7	Q8NDV7
Q9UBT2	Q9UBT2
Q86VX2	Q86VX2
A1L0T0	A1L0T0
Q9Y6I3	Q9Y6I3
Q9Y6I3	O95208
O60513	O60513
Q5VU43	Q5VU43
P04843	P04843
Q8TAT6	Q8TAT6
Q99470	Q99470
Q99470	Q9HCN8
Q8N490	Q8N490
O15427	O15427
O15427	P53985
Q15691	Q15691
Q15691	Q9UPY8
P30825	P30825
P31785	P31785
P50395	P50395
P50395	P31150
Q92994	Q92994
Q6P158	Q6P158
Q6PEX3	Q6PEX3
Q6UVK1	Q6UVK1
Q9ULS5	Q9ULS5
Q9UKK6	Q9UKK6
O15304	O15304
Q01130	Q01130
Q01130	Q16629
Q9Y2Q9	Q9Y2Q9
Q8NC54	Q8NC54
Q92738	Q92738
Q53GS7	Q53GS7
Q9P0T7	Q9P0T7
Q9P0T7	Q9NQ34
P43304	P43304
Q8WWL7	Q8WWL7
Q14318	Q14318
Q02040	Q02040
Q9UKT9	Q9UKT9
Q9UKT9	Q13422
Q9BV79	Q9BV79
Q15645	Q15645
Q9NRW1	Q9NRW1
Q9NRW1	P20340
P16220	P16220
P16220	Q03060
O95347	O95347
Q9H2P0	Q9H2P0
Q7Z2W4	Q7Z2W4
O95166	O95166
Q7KZ85	Q7KZ85
Q9Y295	Q9Y295
P54136	P54136
Q14573	Q14573
Q13164	Q13164
P37802	P37802
Q9H0S4	Q9H0S4
Q9H0S4	Q9Y6V7
Q5XKP0	Q5XKP0
Q08170	Q08170
Q96MT8	Q96MT8
Q16836	Q16836
P41091	P41091
Q14008	Q14008
Q8TDN6	Q8TDN6
Q9H3K6	Q9H3K6
Q6PJF5	Q6PJF5
Q96LT9	Q96LT9
P35968	P35968
Q70CQ3	Q70CQ3
Q9H1P3	Q9H1P3
Q13535	Q13535
Q8WV28	Q8WV28
Q9Y679	Q9Y679
P31249	P31249
P35414	P35414
Q8NCG7	Q8NCG7
Q53GS9	Q53GS9
Q969G3	Q969G3
Q9UBH6	Q9UBH6
Q8WUD4	Q8WUD4
Q96JH7	Q96JH7
P59998	P59998
P36941	P36941
Q8IX12	Q8IX12
P06454	P06454
O75475	O75475
Q7KZF4	Q7KZF4
Q14554	Q14554
O00217	O00217
P55084	P55084
P17482	P17482
Q15365	Q15365
Q15365	P57721
Q15365	Q15366
Q9Y5E7	Q9Y5E7
Q9Y5E7	Q9Y5E6
Q9Y5E7	Q9Y5F1
Q9Y5E7	Q9Y5F0
Q9Y5E7	Q9Y5F6
Q9Y5E7	Q9Y5H1
Q9Y5E7	Q9Y5G0
Q9Y5E7	Q9UN74
Q9Y5E7	Q9UN75
Q9Y5E7	Q9Y5H7
Q9Y5E7	Q9Y5I4
P78524	P78524
Q08945	Q08945
O60266	O60266
Q9Y467	Q9Y467
Q9BT22	Q9BT22
Q9NPG4	Q9NPG4
P27694	P27694
Q9UNK9	Q9UNK9
Q9UKK3	Q9UKK3
Q13586	Q13586
Q8IZC6	Q8IZC6
P62487	P62487
Q15415	Q15415
Q14568	Q14568
Q86XP3	Q86XP3
Q7L4E1	Q7L4E1
O60664	O60664
O60664	Q99541
P61513	P61513
Q15661	Q15661
Q9Y6R0	Q9Y6R0
Q9Y6R0	P49757
Q96BR6	Q96BR6
O43237	O43237
O43237	Q9Y6G9
P78371	P78371
Q9UPU7	Q9UPU7
Q8IUQ4	Q8IUQ4
Q8IUQ4	O43255
P49848	P49848
Q9UMS5	Q9UMS5
Q68CZ6	Q68CZ6
P32969	P32969
Q9UMY1	Q9UMY1
Q02548	Q02548
Q13501	Q13501
Q9BT78	Q9BT78
P02511	P02511
P02511	P04792
Q8WUJ0	Q8WUJ0
Q9BXS6	Q9BXS6
Q9H5V8	Q9H5V8
Q7L4P6	Q7L4P6
Q9NP97	Q9NP97
Q9NP97	Q8TF09
P47914	P47914
Q9ULF5	Q9ULF5
P53621	P53621
P36578	P36578
Q96AG4	Q96AG4
Q9HAB3	Q9HAB3
Q9HAB3	Q9NQ40
Q8N3J9	Q8N3J9
Q8N3J9	Q96CX3
O95490	O95490
Q9BSA9	Q9BSA9
Q75T13	Q75T13
P25788	P25788
Q15643	Q15643
Q9UK00	Q9UK00
Q5TH69	Q5TH69
Q9Y2W2	Q9Y2W2
Q8IZL2	Q8IZL2
Q13287	Q13287
O60282	O60282
O60282	Q12840
O60282	P33176
Q8N5R6	Q8N5R6
P20645	P20645
O00585	O00585
Q92560	Q92560
Q9NY93	Q9NY93
Q9UJ14	Q9UJ14
P40939	P40939
Q9H6R6	Q9H6R6
Q96C01	Q96C01
Q8TDQ0	Q8TDQ0
Q86Y26	Q86Y26
Q8NC42	Q8NC42
Q8N5P1	Q8N5P1
O75563	O75563
P46977	P46977
P46977	Q8TCJ2
Q8WUY1	Q8WUY1
Q8IVF5	Q8IVF5
O43660	O43660
P19338	P19338
Q14562	Q14562
Q14562	Q92620
Q15012	Q15012
P58546	P58546
Q9NW97	Q9NW97
Q92575	Q92575
Q14686	Q14686
P60900	P60900
P43403	P43403
P43403	P43405
P17480	P17480
Q13492	Q13492
O94973	O94973
O94973	O95782
O75056	O75056
O95273	O95273
O14503	O14503
Q6IA17	Q6IA17
Q8WWI5	Q8WWI5
Q15572	Q15572
Q9Y5T5	Q9Y5T5
O60831	O60831
O60831	O75915
Q6UXH1	Q6UXH1
P57772	P57772
Q99569	Q99569
Q9UQ80	Q9UQ80
Q68G74	Q68G74
Q9BQI0	Q9BQI0
Q05513	Q05513
Q05513	P41743
B7ZAQ6	B7ZAQ6
P62847	P62847
Q96CX2	Q96CX2
O76050	O76050
Q6ICI0	Q6ICI0
P28340	P28340
P51665	P51665
Q9NRC1	Q9NRC1
Q96A57	Q96A57
P62841	P62841
Q9UEG4	Q9UEG4
P42166	P42166
P06239	P06239
P06239	P08631
P06239	P07948
P06239	P07947
P06239	P12931
P06239	P09769
P06239	P06241
P06239	P41240
Q9BWD1	Q9BWD1
Q9BWD1	P24752
Q9BWD1	P42765
Q9NZN5	Q9NZN5
P36957	P36957
Q96JB5	Q96JB5
Q9BVG8	Q9BVG8
Q9UHF1	Q9UHF1
Q9NUL3	Q9NUL3
Q9NUL3	O95793
P98066	P98066
Q13595	Q13595
Q13595	P62995
Q9NXF7	Q9NXF7
Q9NUU6	Q9NUU6
Q9UBS8	Q9UBS8
Q5W0B1	Q5W0B1
Q3V6T2	Q3V6T2
Q3V6T2	Q9P219
P84098	P84098
Q96RP9	Q96RP9
Q01534	Q01534
Q16514	Q16514
P62952	P62952
Q14108	Q14108
O95470	O95470
Q13526	Q13526
Q5JTH9	Q5JTH9
Q9BT25	Q9BT25
Q86YL7	Q86YL7
P14902	P14902
Q13488	Q13488
Q13488	Q93050
Q13488	Q9Y487
Q8TBM7	Q8TBM7
P48060	P48060
Q92665	Q92665
O00471	O00471
O15164	O15164
Q9BT67	Q9BT67
O14613	O14613
Q9UIA9	Q9UIA9
Q13438	Q13438
Q15397	Q15397
O14867	O14867
Q00765	Q00765
Q00765	Q96HR9
Q13111	Q13111
O95602	O95602
O15527	O15527
P02786	P02786
Q9ULH0	Q9ULH0
Q9BXX2	Q9BXX2
Q9H3K2	Q9H3K2
P18827	P18827
Q96EE3	Q96EE3
Q96JB2	Q96JB2
Q9H446	Q9H446
P35813	P35813
P24864	P24864
Q8IVS8	Q8IVS8
Q92685	Q92685
Q9UEW3	Q9UEW3
Q9NSE4	Q9NSE4
Q13243	Q13243
Q17RD7	Q17RD7
O75381	O75381
Q8NBK3	Q8NBK3
Q9NX61	Q9NX61
O75841	O75841
Q8WXE9	Q8WXE9
Q86SG4	Q86SG4
Q07973	Q07973
Q8TDD5	Q8TDD5
Q9UBU9	Q9UBU9
P62701	P62701
P12272	P12272
Q14331	Q14331
Q13405	Q13405
P06733	P06733
P38159	P38159
P38159	O75526
Q9ULJ8	Q9ULJ8
Q9GZY8	Q9GZY8
Q15477	Q15477
Q9UJY5	Q9UJY5
Q9UJY5	Q9NZ52
Q9UJY5	Q9UJY4
Q9NSK0	Q9NSK0
Q9NSK0	Q6P597
Q9NSK0	Q07866
Q9NSK0	Q9H0B6
Q9BTE7	Q9BTE7
Q9BTE7	Q92564
P06748	P06748
P63173	P63173
A0AV02	A0AV02
Q86UA6	Q86UA6
Q9NNW5	Q9NNW5
Q13098	Q13098
Q8NBJ7	Q8NBJ7
P61247	P61247
O00303	O00303
Q96BY9	Q96BY9
P49753	P49753
Q9UPQ9	Q9UPQ9
Q9BVC6	Q9BVC6
Q9UMX5	Q9UMX5
P30408	P30408
P30408	P48230
Q12797	Q12797
P49736	P49736
Q14849	Q14849
Q9H1B5	Q9H1B5
P30876	P30876
P54277	P54277
Q9Y2W6	Q9Y2W6
P20916	P20916
P42345	P42345
P0C0P6	P0C0P6
O43187	O43187
P18754	P18754
P22681	P22681
Q9Y2K1	Q9Y2K1
Q9BZG1	Q9BZG1
Q16611	Q16611
Q8WY36	Q8WY36
Q9UKD2	Q9UKD2
Q9BW61	Q9BW61
P13056	P13056
O95816	O95816
Q8IWV7	Q8IWV7
Q8IWV7	Q8IWV8
Q8NBL1	Q8NBL1
Q8IW93	Q8IW93
O14972	O14972
Q9UDW1	Q9UDW1
Q8TDB4	Q8TDB4
Q96EY5	Q96EY5
Q96R06	Q96R06
Q9Y6N5	Q9Y6N5
Q92843	Q92843
Q92843	Q07817
Q92843	P10415
P23470	P23470
Q16880	Q16880
Q14241	Q14241
P45378	P45378
Q9NZM1	Q9NZM1
O14735	O14735
P43378	P43378
O95251	O95251
Q96AA8	Q96AA8
O95476	O95476
Q12906	Q12906
Q5SQN1	Q5SQN1
Q9BUE6	Q9BUE6
Q99731	Q99731
Q86X29	Q86X29
P78346	P78346
Q969Q5	Q969Q5
Q8IXH7	Q8IXH7
Q9HD20	Q9HD20
Q7Z4H8	Q7Z4H8
P09001	P09001
P30040	P30040
P62495	P62495
P48736	P48736
Q8IX05	Q8IX05
Q96TC7	Q96TC7
P14859	P14859
Q8N6R0	Q8N6R0
Q9H1K1	Q9H1K1
P0C2W1	P0C2W1
Q13136	Q13136
Q7Z698	Q7Z698
O14786	O14786
O14786	O60462
Q9BZW8	Q9BZW8
P49006	P49006
Q9UKV3	Q9UKV3
P13804	P13804
Q6N075	Q6N075
O75934	O75934
P60891	P60891
P60891	P11908
P60891	Q14558
P60891	O60256
Q8WXA9	Q8WXA9
Q05469	Q05469
O43303	O43303
P10275	P10275
O75581	O75581
O75581	O75197
Q8N335	Q8N335
Q9C0F3	Q9C0F3
Q9C0F3	Q96NJ6
Q9C0F3	P15622
Q9C0F3	Q9HCL3
Q9C0F3	Q13360
Q9C0F3	Q6PDB4
Q9C0F3	Q9NYW8
Q9C0F3	P52740
Q9C0F3	Q7L2R6
Q9C0F3	Q9GZX5
Q9C0F3	Q8N883
Q9C0F3	Q8TAU3
Q9C0F3	Q96SQ5
Q8N720	Q8N720
O00161	O00161
Q9Y2L1	Q9Y2L1
P49763	P49763
Q9BRB3	Q9BRB3
P16885	P16885
P16885	P19174
Q16774	Q16774
Q99767	Q99767
Q99767	Q02410
Q8IVL5	Q8IVL5
Q8IVL5	Q8IVL6
Q8IVL5	Q32P28
Q96B97	Q96B97
Q96HA8	Q96HA8
Q16666	Q16666
